Id,Label,Latitude  ,Longitude  ,Time Interval
Afghanistan,Afghanistan,33,65,"<[6.310368E11, 6.310368E11]; [7.257312E11, 7.257312E11]>"
Albania,Albania,41,20,"<[7.888032E11, 7.888032E11]; [9.465696E11, 9.465696E11]; [1.0728E12, 1.0728E12]; [1.1359584E12, 1.1359584E12]; [1.1990304E12, 1.1990304E12]; [1.2306528E12, 1.2306528E12]; [1.2621888E12, 1.2621888E12]; [1.3252608E12, 1.3252608E12]; [1.3568832E12, 1.3568832E12]; [1.4199552E12, 1.4199552E12]>"
Algeria,Algeria,28,3,"<[6.941088E11, 6.941088E11]; [9.78192E11, 9.78192E11]; [1.0728E12, 1.0728E12]; [1.1674944E12, 1.1674944E12]; [1.1990304E12, 1.1990304E12]; [1.2306528E12, 1.2306528E12]; [1.2937248E12, 1.2937248E12]; [1.3568832E12, 1.3568832E12]; [1.4199552E12, 1.4199552E12]>"
Andorra,Andorra,42.5,1.6,"<[1.2937248E12, 1.2937248E12]; [1.3252608E12, 1.3252608E12]; [1.3884192E12, 1.3884192E12]>"
Angola,Angola,-12.5,18.5,"<[1.0728E12, 1.0728E12]; [1.1044224E12, 1.1044224E12]; [1.1674944E12, 1.1674944E12]; [1.2621888E12, 1.2621888E12]; [1.3252608E12, 1.3252608E12]; [1.4199552E12, 1.4199552E12]>"
Argentina,Argentina,-34,-64,"<[5.678784E11, 5.678784E11]; [6.310368E11, 6.310368E11]; [6.625728E11, 6.625728E11]; [6.941088E11, 6.941088E11]; [7.257312E11, 7.257312E11]; [7.572672E11, 7.572672E11]; [7.888032E11, 7.888032E11]; [8.203392E11, 8.203392E11]; [8.519616E11, 8.519616E11]; [8.834976E11, 8.834976E11]; [9.150336E11, 9.150336E11]; [9.465696E11, 9.465696E11]; [9.78192E11, 9.78192E11]; [1.009728E12, 1.009728E12]; [1.041264E12, 1.041264E12]; [1.0728E12, 1.0728E12]; [1.1044224E12, 1.1044224E12]; [1.1359584E12, 1.1359584E12]; [1.1674944E12, 1.1674944E12]; [1.1990304E12, 1.1990304E12]; [1.2306528E12, 1.2306528E12]; [1.2621888E12, 1.2621888E12]; [1.2937248E12, 1.2937248E12]; [1.3252608E12, 1.3252608E12]; [1.3568832E12, 1.3568832E12]; [1.3884192E12, 1.3884192E12]; [1.4199552E12, 1.4199552E12]>"
Armenia,Armenia,40,45,"<[9.78192E11, 9.78192E11]; [1.041264E12, 1.041264E12]; [1.1359584E12, 1.1359584E12]; [1.1674944E12, 1.1674944E12]; [1.1990304E12, 1.1990304E12]; [1.2621888E12, 1.2621888E12]; [1.3252608E12, 1.3252608E12]; [1.3568832E12, 1.3568832E12]>"
Australia,Australia,-27,133,"<[4.732704E11, 4.732704E11]; [5.048064E11, 5.048064E11]; [5.363424E11, 5.363424E11]; [5.678784E11, 5.678784E11]; [5.995008E11, 5.995008E11]; [6.310368E11, 6.310368E11]; [6.625728E11, 6.625728E11]; [6.941088E11, 6.941088E11]; [7.257312E11, 7.257312E11]; [7.572672E11, 7.572672E11]; [7.888032E11, 7.888032E11]; [8.203392E11, 8.203392E11]; [8.519616E11, 8.519616E11]; [8.834976E11, 8.834976E11]; [9.150336E11, 9.150336E11]; [9.465696E11, 9.465696E11]; [9.78192E11, 9.78192E11]; [1.009728E12, 1.009728E12]; [1.041264E12, 1.041264E12]; [1.0728E12, 1.0728E12]; [1.1044224E12, 1.1044224E12]; [1.1359584E12, 1.1359584E12]; [1.1674944E12, 1.1674944E12]; [1.1990304E12, 1.1990304E12]; [1.2306528E12, 1.2306528E12]; [1.2621888E12, 1.2621888E12]; [1.2937248E12, 1.2937248E12]; [1.3252608E12, 1.3252608E12]; [1.3568832E12, 1.3568832E12]; [1.3884192E12, 1.3884192E12]; [1.4199552E12, 1.4199552E12]>"
Austria,Austria,47.3333,13.3333,"<[4.732704E11, 4.732704E11]; [5.048064E11, 5.048064E11]; [5.678784E11, 5.678784E11]; [5.995008E11, 5.995008E11]; [6.310368E11, 6.310368E11]; [6.625728E11, 6.625728E11]; [6.941088E11, 6.941088E11]; [7.257312E11, 7.257312E11]; [7.572672E11, 7.572672E11]; [7.888032E11, 7.888032E11]; [8.203392E11, 8.203392E11]; [8.519616E11, 8.519616E11]; [8.834976E11, 8.834976E11]; [9.150336E11, 9.150336E11]; [9.465696E11, 9.465696E11]; [9.78192E11, 9.78192E11]; [1.009728E12, 1.009728E12]; [1.041264E12, 1.041264E12]; [1.0728E12, 1.0728E12]; [1.1044224E12, 1.1044224E12]; [1.1359584E12, 1.1359584E12]; [1.1674944E12, 1.1674944E12]; [1.1990304E12, 1.1990304E12]; [1.2306528E12, 1.2306528E12]; [1.2621888E12, 1.2621888E12]; [1.2937248E12, 1.2937248E12]; [1.3252608E12, 1.3252608E12]; [1.3568832E12, 1.3568832E12]; [1.3884192E12, 1.3884192E12]; [1.4199552E12, 1.4199552E12]>"
Azerbaijan,Azerbaijan,40.5,47.5,"<[8.519616E11, 8.519616E11]; [1.1359584E12, 1.1359584E12]; [1.2306528E12, 1.2306528E12]; [1.3252608E12, 1.3252608E12]; [1.3568832E12, 1.3568832E12]; [1.4199552E12, 1.4199552E12]>"
Bahamas,Bahamas,24.25,-76,"<[4.732704E11, 4.732704E11]; [5.678784E11, 5.678784E11]; [5.995008E11, 5.995008E11]; [6.310368E11, 6.310368E11]; [6.625728E11, 6.625728E11]; [6.941088E11, 6.941088E11]; [7.257312E11, 7.257312E11]; [7.572672E11, 7.572672E11]; [7.888032E11, 7.888032E11]; [8.203392E11, 8.203392E11]; [8.519616E11, 8.519616E11]; [8.834976E11, 8.834976E11]; [9.150336E11, 9.150336E11]; [9.465696E11, 9.465696E11]; [9.78192E11, 9.78192E11]; [1.009728E12, 1.009728E12]; [1.041264E12, 1.041264E12]; [1.0728E12, 1.0728E12]; [1.1044224E12, 1.1044224E12]; [1.1359584E12, 1.1359584E12]; [1.1674944E12, 1.1674944E12]; [1.1990304E12, 1.1990304E12]; [1.2306528E12, 1.2306528E12]; [1.2621888E12, 1.2621888E12]; [1.2937248E12, 1.2937248E12]; [1.3252608E12, 1.3252608E12]; [1.3568832E12, 1.3568832E12]; [1.3884192E12, 1.3884192E12]; [1.4199552E12, 1.4199552E12]>"
Bahrain,Bahrain,26,50.55,"<[4.732704E11, 4.732704E11]; [6.310368E11, 6.310368E11]; [6.625728E11, 6.625728E11]; [7.572672E11, 7.572672E11]; [7.888032E11, 7.888032E11]; [8.519616E11, 8.519616E11]; [8.834976E11, 8.834976E11]; [9.150336E11, 9.150336E11]; [9.465696E11, 9.465696E11]; [9.78192E11, 9.78192E11]; [1.009728E12, 1.009728E12]; [1.041264E12, 1.041264E12]; [1.0728E12, 1.0728E12]; [1.1044224E12, 1.1044224E12]; [1.1359584E12, 1.1359584E12]; [1.1674944E12, 1.1674944E12]; [1.1990304E12, 1.1990304E12]; [1.2306528E12, 1.2306528E12]; [1.2621888E12, 1.2621888E12]; [1.2937248E12, 1.2937248E12]; [1.3252608E12, 1.3252608E12]; [1.3568832E12, 1.3568832E12]; [1.3884192E12, 1.3884192E12]; [1.4199552E12, 1.4199552E12]>"
Bangladesh,Bangladesh,24,90,"<[9.150336E11, 9.150336E11]; [1.0728E12, 1.0728E12]; [1.1044224E12, 1.1044224E12]; [1.1359584E12, 1.1359584E12]; [1.1990304E12, 1.1990304E12]; [1.2306528E12, 1.2306528E12]; [1.2621888E12, 1.2621888E12]; [1.2937248E12, 1.2937248E12]; [1.3252608E12, 1.3252608E12]; [1.3884192E12, 1.3884192E12]>"
Barbados,Barbados,13.1667,-59.5333,"<[6.625728E11, 6.625728E11]; [7.888032E11, 7.888032E11]; [8.203392E11, 8.203392E11]; [8.834976E11, 8.834976E11]; [1.009728E12, 1.009728E12]; [1.041264E12, 1.041264E12]; [1.0728E12, 1.0728E12]; [1.1044224E12, 1.1044224E12]; [1.1359584E12, 1.1359584E12]; [1.1674944E12, 1.1674944E12]; [1.1990304E12, 1.1990304E12]; [1.2306528E12, 1.2306528E12]; [1.2621888E12, 1.2621888E12]; [1.2937248E12, 1.2937248E12]; [1.3252608E12, 1.3252608E12]; [1.3884192E12, 1.3884192E12]; [1.4199552E12, 1.4199552E12]>"
Belarus,Belarus,53,28,"<[9.150336E11, 9.150336E11]; [1.1359584E12, 1.1359584E12]; [1.1990304E12, 1.1990304E12]; [1.2306528E12, 1.2306528E12]; [1.2937248E12, 1.2937248E12]; [1.3252608E12, 1.3252608E12]; [1.3568832E12, 1.3568832E12]; [1.3884192E12, 1.3884192E12]>"
Belgium,Belgium,50.8333,4,"<[4.732704E11, 4.732704E11]; [5.048064E11, 5.048064E11]; [5.363424E11, 5.363424E11]; [5.678784E11, 5.678784E11]; [5.995008E11, 5.995008E11]; [6.310368E11, 6.310368E11]; [6.625728E11, 6.625728E11]; [6.941088E11, 6.941088E11]; [7.257312E11, 7.257312E11]; [7.572672E11, 7.572672E11]; [7.888032E11, 7.888032E11]; [8.203392E11, 8.203392E11]; [8.519616E11, 8.519616E11]; [8.834976E11, 8.834976E11]; [9.150336E11, 9.150336E11]; [9.465696E11, 9.465696E11]; [9.78192E11, 9.78192E11]; [1.009728E12, 1.009728E12]; [1.041264E12, 1.041264E12]; [1.0728E12, 1.0728E12]; [1.1044224E12, 1.1044224E12]; [1.1359584E12, 1.1359584E12]; [1.1674944E12, 1.1674944E12]; [1.1990304E12, 1.1990304E12]; [1.2306528E12, 1.2306528E12]; [1.2621888E12, 1.2621888E12]; [1.2937248E12, 1.2937248E12]; [1.3252608E12, 1.3252608E12]; [1.3568832E12, 1.3568832E12]; [1.3884192E12, 1.3884192E12]; [1.4199552E12, 1.4199552E12]>"
Belize,Belize,17.25,-88.75,"<[8.834976E11, 8.834976E11]; [1.009728E12, 1.009728E12]; [1.1044224E12, 1.1044224E12]; [1.1359584E12, 1.1359584E12]; [1.1674944E12, 1.1674944E12]; [1.2306528E12, 1.2306528E12]; [1.3252608E12, 1.3252608E12]; [1.3568832E12, 1.3568832E12]; [1.3884192E12, 1.3884192E12]; [1.4199552E12, 1.4199552E12]>"
Benin,Benin,9.5,2.25,"<[1.2306528E12, 1.2306528E12]>"
Botswana,Botswana,-22,24,"<[7.888032E11, 7.888032E11]; [8.519616E11, 8.519616E11]; [8.834976E11, 8.834976E11]; [9.78192E11, 9.78192E11]; [1.041264E12, 1.041264E12]; [1.0728E12, 1.0728E12]; [1.1044224E12, 1.1044224E12]; [1.1674944E12, 1.1674944E12]; [1.1990304E12, 1.1990304E12]; [1.2306528E12, 1.2306528E12]; [1.2621888E12, 1.2621888E12]; [1.2937248E12, 1.2937248E12]; [1.3252608E12, 1.3252608E12]; [1.3568832E12, 1.3568832E12]; [1.3884192E12, 1.3884192E12]; [1.4199552E12, 1.4199552E12]>"
Brazil,Brazil,-10,-55,"<[5.048064E11, 5.048064E11]; [5.363424E11, 5.363424E11]; [5.678784E11, 5.678784E11]; [5.995008E11, 5.995008E11]; [6.625728E11, 6.625728E11]; [6.941088E11, 6.941088E11]; [7.257312E11, 7.257312E11]; [7.572672E11, 7.572672E11]; [7.888032E11, 7.888032E11]; [8.203392E11, 8.203392E11]; [8.519616E11, 8.519616E11]; [8.834976E11, 8.834976E11]; [9.150336E11, 9.150336E11]; [9.465696E11, 9.465696E11]; [9.78192E11, 9.78192E11]; [1.009728E12, 1.009728E12]; [1.041264E12, 1.041264E12]; [1.0728E12, 1.0728E12]; [1.1044224E12, 1.1044224E12]; [1.1359584E12, 1.1359584E12]; [1.1674944E12, 1.1674944E12]; [1.1990304E12, 1.1990304E12]; [1.2306528E12, 1.2306528E12]; [1.2621888E12, 1.2621888E12]; [1.2937248E12, 1.2937248E12]; [1.3252608E12, 1.3252608E12]; [1.3568832E12, 1.3568832E12]; [1.3884192E12, 1.3884192E12]; [1.4199552E12, 1.4199552E12]>"
Bulgaria,Bulgaria,43,25,"<[5.678784E11, 5.678784E11]; [7.888032E11, 7.888032E11]; [8.519616E11, 8.519616E11]; [8.834976E11, 8.834976E11]; [9.150336E11, 9.150336E11]; [9.465696E11, 9.465696E11]; [9.78192E11, 9.78192E11]; [1.009728E12, 1.009728E12]; [1.041264E12, 1.041264E12]; [1.0728E12, 1.0728E12]; [1.1044224E12, 1.1044224E12]; [1.1359584E12, 1.1359584E12]; [1.1674944E12, 1.1674944E12]; [1.1990304E12, 1.1990304E12]; [1.2306528E12, 1.2306528E12]; [1.2621888E12, 1.2621888E12]; [1.2937248E12, 1.2937248E12]; [1.3252608E12, 1.3252608E12]; [1.3568832E12, 1.3568832E12]; [1.3884192E12, 1.3884192E12]; [1.4199552E12, 1.4199552E12]>"
Burkina Faso,Burkina Faso,13,-2,"<[8.834976E11, 8.834976E11]; [9.78192E11, 9.78192E11]; [1.1044224E12, 1.1044224E12]; [1.1990304E12, 1.1990304E12]; [1.2306528E12, 1.2306528E12]; [1.2621888E12, 1.2621888E12]; [1.2937248E12, 1.2937248E12]; [1.3252608E12, 1.3252608E12]; [1.3568832E12, 1.3568832E12]; [1.3884192E12, 1.3884192E12]; [1.4199552E12, 1.4199552E12]>"
Burundi,Burundi,-3.5,30,"<[1.1990304E12, 1.1990304E12]>"
Cambodia,Cambodia,13,105,"<[8.519616E11, 8.519616E11]; [8.834976E11, 8.834976E11]; [9.78192E11, 9.78192E11]; [1.0728E12, 1.0728E12]; [1.1044224E12, 1.1044224E12]; [1.1674944E12, 1.1674944E12]; [1.1990304E12, 1.1990304E12]; [1.2306528E12, 1.2306528E12]; [1.2621888E12, 1.2621888E12]; [1.2937248E12, 1.2937248E12]; [1.3252608E12, 1.3252608E12]; [1.3568832E12, 1.3568832E12]; [1.3884192E12, 1.3884192E12]; [1.4199552E12, 1.4199552E12]>"
Cameroon,Cameroon,6,12,"<[1.1674944E12, 1.1674944E12]; [1.1990304E12, 1.1990304E12]; [1.2621888E12, 1.2621888E12]; [1.3252608E12, 1.3252608E12]; [1.3568832E12, 1.3568832E12]; [1.3884192E12, 1.3884192E12]; [1.4199552E12, 1.4199552E12]>"
Canada,Canada,60,-95,"<[4.732704E11, 4.732704E11]; [5.048064E11, 5.048064E11]; [5.363424E11, 5.363424E11]; [5.678784E11, 5.678784E11]; [5.995008E11, 5.995008E11]; [6.310368E11, 6.310368E11]; [6.625728E11, 6.625728E11]; [6.941088E11, 6.941088E11]; [7.257312E11, 7.257312E11]; [7.572672E11, 7.572672E11]; [7.888032E11, 7.888032E11]; [8.203392E11, 8.203392E11]; [8.519616E11, 8.519616E11]; [8.834976E11, 8.834976E11]; [9.150336E11, 9.150336E11]; [9.465696E11, 9.465696E11]; [9.78192E11, 9.78192E11]; [1.009728E12, 1.009728E12]; [1.041264E12, 1.041264E12]; [1.0728E12, 1.0728E12]; [1.1044224E12, 1.1044224E12]; [1.1359584E12, 1.1359584E12]; [1.1674944E12, 1.1674944E12]; [1.1990304E12, 1.1990304E12]; [1.2306528E12, 1.2306528E12]; [1.2621888E12, 1.2621888E12]; [1.2937248E12, 1.2937248E12]; [1.3252608E12, 1.3252608E12]; [1.3568832E12, 1.3568832E12]; [1.3884192E12, 1.3884192E12]; [1.4199552E12, 1.4199552E12]>"
Chad,Chad,15,19,"<[1.1990304E12, 1.1990304E12]>"
Chile,Chile,-30,-71,"<[5.678784E11, 5.678784E11]; [5.995008E11, 5.995008E11]; [6.310368E11, 6.310368E11]; [6.625728E11, 6.625728E11]; [6.941088E11, 6.941088E11]; [7.257312E11, 7.257312E11]; [7.572672E11, 7.572672E11]; [7.888032E11, 7.888032E11]; [8.203392E11, 8.203392E11]; [8.519616E11, 8.519616E11]; [8.834976E11, 8.834976E11]; [9.150336E11, 9.150336E11]; [9.465696E11, 9.465696E11]; [9.78192E11, 9.78192E11]; [1.009728E12, 1.009728E12]; [1.041264E12, 1.041264E12]; [1.0728E12, 1.0728E12]; [1.1044224E12, 1.1044224E12]; [1.1359584E12, 1.1359584E12]; [1.1674944E12, 1.1674944E12]; [1.1990304E12, 1.1990304E12]; [1.2306528E12, 1.2306528E12]; [1.2621888E12, 1.2621888E12]; [1.2937248E12, 1.2937248E12]; [1.3252608E12, 1.3252608E12]; [1.3568832E12, 1.3568832E12]; [1.3884192E12, 1.3884192E12]; [1.4199552E12, 1.4199552E12]>"
China,China,35,105,"<[5.995008E11, 5.995008E11]; [6.310368E11, 6.310368E11]; [6.625728E11, 6.625728E11]; [6.941088E11, 6.941088E11]; [7.257312E11, 7.257312E11]; [7.572672E11, 7.572672E11]; [7.888032E11, 7.888032E11]; [8.203392E11, 8.203392E11]; [8.519616E11, 8.519616E11]; [8.834976E11, 8.834976E11]; [9.150336E11, 9.150336E11]; [9.465696E11, 9.465696E11]; [9.78192E11, 9.78192E11]; [1.009728E12, 1.009728E12]; [1.041264E12, 1.041264E12]; [1.0728E12, 1.0728E12]; [1.1044224E12, 1.1044224E12]; [1.1359584E12, 1.1359584E12]; [1.1674944E12, 1.1674944E12]; [1.1990304E12, 1.1990304E12]; [1.2306528E12, 1.2306528E12]; [1.2621888E12, 1.2621888E12]; [1.2937248E12, 1.2937248E12]; [1.3252608E12, 1.3252608E12]; [1.3568832E12, 1.3568832E12]; [1.3884192E12, 1.3884192E12]; [1.4199552E12, 1.4199552E12]>"
Colombia,Colombia,4,-72,"<[5.048064E11, 5.048064E11]; [5.995008E11, 5.995008E11]; [6.310368E11, 6.310368E11]; [6.625728E11, 6.625728E11]; [6.941088E11, 6.941088E11]; [7.257312E11, 7.257312E11]; [7.572672E11, 7.572672E11]; [7.888032E11, 7.888032E11]; [8.203392E11, 8.203392E11]; [8.519616E11, 8.519616E11]; [8.834976E11, 8.834976E11]; [9.150336E11, 9.150336E11]; [9.465696E11, 9.465696E11]; [9.78192E11, 9.78192E11]; [1.009728E12, 1.009728E12]; [1.041264E12, 1.041264E12]; [1.0728E12, 1.0728E12]; [1.1044224E12, 1.1044224E12]; [1.1359584E12, 1.1359584E12]; [1.1674944E12, 1.1674944E12]; [1.1990304E12, 1.1990304E12]; [1.2306528E12, 1.2306528E12]; [1.2621888E12, 1.2621888E12]; [1.2937248E12, 1.2937248E12]; [1.3252608E12, 1.3252608E12]; [1.3568832E12, 1.3568832E12]; [1.3884192E12, 1.3884192E12]; [1.4199552E12, 1.4199552E12]>"
Costa Rica,Costa Rica,10,-84,"<[6.625728E11, 6.625728E11]; [7.257312E11, 7.257312E11]; [7.888032E11, 7.888032E11]; [8.203392E11, 8.203392E11]; [8.519616E11, 8.519616E11]; [8.834976E11, 8.834976E11]; [9.150336E11, 9.150336E11]; [9.465696E11, 9.465696E11]; [9.78192E11, 9.78192E11]; [1.009728E12, 1.009728E12]; [1.041264E12, 1.041264E12]; [1.0728E12, 1.0728E12]; [1.1044224E12, 1.1044224E12]; [1.1359584E12, 1.1359584E12]; [1.1674944E12, 1.1674944E12]; [1.1990304E12, 1.1990304E12]; [1.2306528E12, 1.2306528E12]; [1.2621888E12, 1.2621888E12]; [1.2937248E12, 1.2937248E12]; [1.3252608E12, 1.3252608E12]; [1.3568832E12, 1.3568832E12]; [1.3884192E12, 1.3884192E12]; [1.4199552E12, 1.4199552E12]>"
Croatia,Croatia,45.1667,15.5,"<[7.257312E11, 7.257312E11]; [7.572672E11, 7.572672E11]; [7.888032E11, 7.888032E11]; [8.203392E11, 8.203392E11]; [8.834976E11, 8.834976E11]; [9.150336E11, 9.150336E11]; [9.465696E11, 9.465696E11]; [9.78192E11, 9.78192E11]; [1.009728E12, 1.009728E12]; [1.041264E12, 1.041264E12]; [1.0728E12, 1.0728E12]; [1.1044224E12, 1.1044224E12]; [1.1359584E12, 1.1359584E12]; [1.1674944E12, 1.1674944E12]; [1.1990304E12, 1.1990304E12]; [1.2306528E12, 1.2306528E12]; [1.2937248E12, 1.2937248E12]; [1.3252608E12, 1.3252608E12]; [1.3568832E12, 1.3568832E12]; [1.3884192E12, 1.3884192E12]; [1.4199552E12, 1.4199552E12]>"
Cuba,Cuba,21.5,-80,"<[7.888032E11, 7.888032E11]; [8.203392E11, 8.203392E11]; [8.519616E11, 8.519616E11]; [9.465696E11, 9.465696E11]; [1.009728E12, 1.009728E12]; [1.041264E12, 1.041264E12]; [1.4199552E12, 1.4199552E12]>"
Cyprus,Cyprus,35,33,"<[6.625728E11, 6.625728E11]; [7.888032E11, 7.888032E11]; [8.519616E11, 8.519616E11]; [8.834976E11, 8.834976E11]; [9.150336E11, 9.150336E11]; [9.465696E11, 9.465696E11]; [9.78192E11, 9.78192E11]; [1.009728E12, 1.009728E12]; [1.0728E12, 1.0728E12]; [1.1044224E12, 1.1044224E12]; [1.1359584E12, 1.1359584E12]; [1.1674944E12, 1.1674944E12]; [1.1990304E12, 1.1990304E12]; [1.2306528E12, 1.2306528E12]; [1.2621888E12, 1.2621888E12]; [1.2937248E12, 1.2937248E12]; [1.3252608E12, 1.3252608E12]; [1.3568832E12, 1.3568832E12]; [1.3884192E12, 1.3884192E12]; [1.4199552E12, 1.4199552E12]>"
Czech Republic,Czech Republic,49.75,15.5,"<[7.572672E11, 7.572672E11]; [7.888032E11, 7.888032E11]; [8.203392E11, 8.203392E11]; [8.519616E11, 8.519616E11]; [8.834976E11, 8.834976E11]; [9.150336E11, 9.150336E11]; [9.465696E11, 9.465696E11]; [9.78192E11, 9.78192E11]; [1.009728E12, 1.009728E12]; [1.041264E12, 1.041264E12]; [1.0728E12, 1.0728E12]; [1.1044224E12, 1.1044224E12]; [1.1359584E12, 1.1359584E12]; [1.1674944E12, 1.1674944E12]; [1.1990304E12, 1.1990304E12]; [1.2306528E12, 1.2306528E12]; [1.2621888E12, 1.2621888E12]; [1.2937248E12, 1.2937248E12]; [1.3252608E12, 1.3252608E12]; [1.3568832E12, 1.3568832E12]; [1.3884192E12, 1.3884192E12]; [1.4199552E12, 1.4199552E12]>"
Czechoslovakia,Czechoslovakia,50.0833,14.4167,"<[6.941088E11, 6.941088E11]>"
Denmark,Denmark,56,10,"<[4.732704E11, 4.732704E11]; [5.363424E11, 5.363424E11]; [5.995008E11, 5.995008E11]; [6.310368E11, 6.310368E11]; [6.625728E11, 6.625728E11]; [6.941088E11, 6.941088E11]; [7.257312E11, 7.257312E11]; [7.572672E11, 7.572672E11]; [7.888032E11, 7.888032E11]; [8.203392E11, 8.203392E11]; [8.519616E11, 8.519616E11]; [8.834976E11, 8.834976E11]; [9.150336E11, 9.150336E11]; [9.465696E11, 9.465696E11]; [9.78192E11, 9.78192E11]; [1.009728E12, 1.009728E12]; [1.041264E12, 1.041264E12]; [1.0728E12, 1.0728E12]; [1.1044224E12, 1.1044224E12]; [1.1359584E12, 1.1359584E12]; [1.1674944E12, 1.1674944E12]; [1.1990304E12, 1.1990304E12]; [1.2306528E12, 1.2306528E12]; [1.2621888E12, 1.2621888E12]; [1.2937248E12, 1.2937248E12]; [1.3252608E12, 1.3252608E12]; [1.3568832E12, 1.3568832E12]; [1.3884192E12, 1.3884192E12]; [1.4199552E12, 1.4199552E12]>"
Dominica,Dominica,15.4167,-61.3333,"<[9.78192E11, 9.78192E11]>"
Ecuador,Ecuador,-2,-77.5,"<[6.625728E11, 6.625728E11]; [7.257312E11, 7.257312E11]; [7.888032E11, 7.888032E11]; [8.203392E11, 8.203392E11]; [8.519616E11, 8.519616E11]; [9.150336E11, 9.150336E11]; [9.465696E11, 9.465696E11]; [9.78192E11, 9.78192E11]; [1.009728E12, 1.009728E12]; [1.041264E12, 1.041264E12]; [1.0728E12, 1.0728E12]; [1.1044224E12, 1.1044224E12]; [1.1359584E12, 1.1359584E12]; [1.1674944E12, 1.1674944E12]; [1.1990304E12, 1.1990304E12]; [1.2306528E12, 1.2306528E12]; [1.2621888E12, 1.2621888E12]; [1.2937248E12, 1.2937248E12]; [1.3252608E12, 1.3252608E12]; [1.3568832E12, 1.3568832E12]; [1.3884192E12, 1.3884192E12]; [1.4199552E12, 1.4199552E12]>"
Egypt,Egypt,27,30,"<[5.363424E11, 5.363424E11]; [6.310368E11, 6.310368E11]; [6.625728E11, 6.625728E11]; [7.257312E11, 7.257312E11]; [7.572672E11, 7.572672E11]; [8.203392E11, 8.203392E11]; [8.519616E11, 8.519616E11]; [8.834976E11, 8.834976E11]; [9.150336E11, 9.150336E11]; [9.465696E11, 9.465696E11]; [9.78192E11, 9.78192E11]; [1.009728E12, 1.009728E12]; [1.041264E12, 1.041264E12]; [1.0728E12, 1.0728E12]; [1.1044224E12, 1.1044224E12]; [1.1359584E12, 1.1359584E12]; [1.1674944E12, 1.1674944E12]; [1.1990304E12, 1.1990304E12]; [1.2306528E12, 1.2306528E12]; [1.2621888E12, 1.2621888E12]; [1.2937248E12, 1.2937248E12]; [1.3252608E12, 1.3252608E12]; [1.3568832E12, 1.3568832E12]; [1.3884192E12, 1.3884192E12]; [1.4199552E12, 1.4199552E12]>"
El Salvador,El Salvador,13.8333,-88.9167,"<[8.203392E11, 8.203392E11]; [8.834976E11, 8.834976E11]; [9.465696E11, 9.465696E11]; [9.78192E11, 9.78192E11]; [1.0728E12, 1.0728E12]; [1.1044224E12, 1.1044224E12]; [1.1359584E12, 1.1359584E12]; [1.1674944E12, 1.1674944E12]; [1.1990304E12, 1.1990304E12]; [1.2621888E12, 1.2621888E12]; [1.2937248E12, 1.2937248E12]; [1.3252608E12, 1.3252608E12]; [1.3568832E12, 1.3568832E12]; [1.4199552E12, 1.4199552E12]>"
Eritrea,Eritrea,15,39,"<[9.465696E11, 9.465696E11]; [1.3252608E12, 1.3252608E12]>"
Estonia,Estonia,59,26,"<[7.257312E11, 7.257312E11]; [7.888032E11, 7.888032E11]; [8.203392E11, 8.203392E11]; [8.519616E11, 8.519616E11]; [8.834976E11, 8.834976E11]; [9.150336E11, 9.150336E11]; [9.465696E11, 9.465696E11]; [9.78192E11, 9.78192E11]; [1.009728E12, 1.009728E12]; [1.041264E12, 1.041264E12]; [1.0728E12, 1.0728E12]; [1.1044224E12, 1.1044224E12]; [1.1359584E12, 1.1359584E12]; [1.1674944E12, 1.1674944E12]; [1.1990304E12, 1.1990304E12]; [1.2306528E12, 1.2306528E12]; [1.2621888E12, 1.2621888E12]; [1.2937248E12, 1.2937248E12]; [1.3252608E12, 1.3252608E12]; [1.3568832E12, 1.3568832E12]; [1.3884192E12, 1.3884192E12]; [1.4199552E12, 1.4199552E12]>"
Ethiopia,Ethiopia,8,38,"<[9.465696E11, 9.465696E11]; [1.1674944E12, 1.1674944E12]; [1.2306528E12, 1.2306528E12]; [1.2621888E12, 1.2621888E12]; [1.3252608E12, 1.3252608E12]; [1.3884192E12, 1.3884192E12]; [1.4199552E12, 1.4199552E12]>"
Fiji,Fiji,-18,175,"<[6.941088E11, 6.941088E11]; [8.519616E11, 8.519616E11]; [8.834976E11, 8.834976E11]; [9.465696E11, 9.465696E11]; [1.009728E12, 1.009728E12]; [1.041264E12, 1.041264E12]; [1.0728E12, 1.0728E12]; [1.1044224E12, 1.1044224E12]; [1.1359584E12, 1.1359584E12]; [1.1674944E12, 1.1674944E12]; [1.1990304E12, 1.1990304E12]; [1.2306528E12, 1.2306528E12]; [1.2937248E12, 1.2937248E12]; [1.3568832E12, 1.3568832E12]; [1.4199552E12, 1.4199552E12]>"
Finland,Finland,64,26,"<[5.048064E11, 5.048064E11]; [5.363424E11, 5.363424E11]; [5.678784E11, 5.678784E11]; [5.995008E11, 5.995008E11]; [6.310368E11, 6.310368E11]; [6.625728E11, 6.625728E11]; [6.941088E11, 6.941088E11]; [7.257312E11, 7.257312E11]; [7.572672E11, 7.572672E11]; [7.888032E11, 7.888032E11]; [8.203392E11, 8.203392E11]; [8.519616E11, 8.519616E11]; [8.834976E11, 8.834976E11]; [9.150336E11, 9.150336E11]; [9.465696E11, 9.465696E11]; [9.78192E11, 9.78192E11]; [1.009728E12, 1.009728E12]; [1.041264E12, 1.041264E12]; [1.0728E12, 1.0728E12]; [1.1044224E12, 1.1044224E12]; [1.1359584E12, 1.1359584E12]; [1.1674944E12, 1.1674944E12]; [1.1990304E12, 1.1990304E12]; [1.2306528E12, 1.2306528E12]; [1.2621888E12, 1.2621888E12]; [1.2937248E12, 1.2937248E12]; [1.3252608E12, 1.3252608E12]; [1.3568832E12, 1.3568832E12]; [1.3884192E12, 1.3884192E12]; [1.4199552E12, 1.4199552E12]>"
France,France,46,2,"<[4.732704E11, 4.732704E11]; [5.048064E11, 5.048064E11]; [5.363424E11, 5.363424E11]; [5.678784E11, 5.678784E11]; [5.995008E11, 5.995008E11]; [6.310368E11, 6.310368E11]; [6.625728E11, 6.625728E11]; [6.941088E11, 6.941088E11]; [7.257312E11, 7.257312E11]; [7.572672E11, 7.572672E11]; [7.888032E11, 7.888032E11]; [8.203392E11, 8.203392E11]; [8.519616E11, 8.519616E11]; [8.834976E11, 8.834976E11]; [9.150336E11, 9.150336E11]; [9.465696E11, 9.465696E11]; [9.78192E11, 9.78192E11]; [1.009728E12, 1.009728E12]; [1.041264E12, 1.041264E12]; [1.0728E12, 1.0728E12]; [1.1044224E12, 1.1044224E12]; [1.1359584E12, 1.1359584E12]; [1.1674944E12, 1.1674944E12]; [1.1990304E12, 1.1990304E12]; [1.2306528E12, 1.2306528E12]; [1.2621888E12, 1.2621888E12]; [1.2937248E12, 1.2937248E12]; [1.3252608E12, 1.3252608E12]; [1.3568832E12, 1.3568832E12]; [1.3884192E12, 1.3884192E12]; [1.4199552E12, 1.4199552E12]>"
Gabon,Gabon,-1,11.75,"<[6.941088E11, 6.941088E11]; [8.519616E11, 8.519616E11]; [8.834976E11, 8.834976E11]; [1.1044224E12, 1.1044224E12]; [1.1359584E12, 1.1359584E12]; [1.1990304E12, 1.1990304E12]; [1.3568832E12, 1.3568832E12]; [1.3884192E12, 1.3884192E12]; [1.4199552E12, 1.4199552E12]>"
Gambia,Gambia,13.4667,-16.5667,"<[1.1990304E12, 1.1990304E12]; [1.2306528E12, 1.2306528E12]>"
Georgia,Georgia,42,43.5,"<[9.78192E11, 9.78192E11]; [1.041264E12, 1.041264E12]; [1.0728E12, 1.0728E12]; [1.1044224E12, 1.1044224E12]; [1.1359584E12, 1.1359584E12]; [1.1674944E12, 1.1674944E12]; [1.1990304E12, 1.1990304E12]; [1.2306528E12, 1.2306528E12]; [1.2621888E12, 1.2621888E12]; [1.2937248E12, 1.2937248E12]; [1.4199552E12, 1.4199552E12]>"
Germany,Germany,51,9,"<[4.732704E11, 4.732704E11]; [5.048064E11, 5.048064E11]; [5.363424E11, 5.363424E11]; [5.678784E11, 5.678784E11]; [5.995008E11, 5.995008E11]; [6.310368E11, 6.310368E11]; [6.625728E11, 6.625728E11]; [6.941088E11, 6.941088E11]; [7.257312E11, 7.257312E11]; [7.572672E11, 7.572672E11]; [7.888032E11, 7.888032E11]; [8.203392E11, 8.203392E11]; [8.519616E11, 8.519616E11]; [8.834976E11, 8.834976E11]; [9.150336E11, 9.150336E11]; [9.465696E11, 9.465696E11]; [9.78192E11, 9.78192E11]; [1.009728E12, 1.009728E12]; [1.041264E12, 1.041264E12]; [1.0728E12, 1.0728E12]; [1.1044224E12, 1.1044224E12]; [1.1359584E12, 1.1359584E12]; [1.1674944E12, 1.1674944E12]; [1.1990304E12, 1.1990304E12]; [1.2306528E12, 1.2306528E12]; [1.2621888E12, 1.2621888E12]; [1.2937248E12, 1.2937248E12]; [1.3252608E12, 1.3252608E12]; [1.3568832E12, 1.3568832E12]; [1.3884192E12, 1.3884192E12]; [1.4199552E12, 1.4199552E12]>"
Ghana,Ghana,8,-2,"<[7.888032E11, 7.888032E11]; [8.203392E11, 8.203392E11]; [8.519616E11, 8.519616E11]; [9.150336E11, 9.150336E11]; [9.465696E11, 9.465696E11]; [9.78192E11, 9.78192E11]; [1.009728E12, 1.009728E12]; [1.0728E12, 1.0728E12]; [1.1044224E12, 1.1044224E12]; [1.1359584E12, 1.1359584E12]; [1.1674944E12, 1.1674944E12]; [1.1990304E12, 1.1990304E12]; [1.2306528E12, 1.2306528E12]; [1.2621888E12, 1.2621888E12]; [1.2937248E12, 1.2937248E12]; [1.3252608E12, 1.3252608E12]; [1.3568832E12, 1.3568832E12]; [1.3884192E12, 1.3884192E12]; [1.4199552E12, 1.4199552E12]>"
Greece,Greece,39,22,"<[6.625728E11, 6.625728E11]; [6.941088E11, 6.941088E11]; [7.257312E11, 7.257312E11]; [7.572672E11, 7.572672E11]; [7.888032E11, 7.888032E11]; [8.203392E11, 8.203392E11]; [8.519616E11, 8.519616E11]; [8.834976E11, 8.834976E11]; [9.150336E11, 9.150336E11]; [9.465696E11, 9.465696E11]; [9.78192E11, 9.78192E11]; [1.009728E12, 1.009728E12]; [1.041264E12, 1.041264E12]; [1.0728E12, 1.0728E12]; [1.1044224E12, 1.1044224E12]; [1.1359584E12, 1.1359584E12]; [1.1674944E12, 1.1674944E12]; [1.1990304E12, 1.1990304E12]; [1.2306528E12, 1.2306528E12]; [1.2621888E12, 1.2621888E12]; [1.2937248E12, 1.2937248E12]; [1.3252608E12, 1.3252608E12]; [1.3568832E12, 1.3568832E12]; [1.3884192E12, 1.3884192E12]; [1.4199552E12, 1.4199552E12]>"
Grenada,Grenada,12.1167,-61.6667,"<[8.834976E11, 8.834976E11]>"
Guatemala,Guatemala,15.5,-90.25,"<[6.625728E11, 6.625728E11]; [6.941088E11, 6.941088E11]; [7.572672E11, 7.572672E11]; [8.519616E11, 8.519616E11]; [8.834976E11, 8.834976E11]; [9.150336E11, 9.150336E11]; [9.465696E11, 9.465696E11]; [9.78192E11, 9.78192E11]; [1.009728E12, 1.009728E12]; [1.1044224E12, 1.1044224E12]; [1.1359584E12, 1.1359584E12]; [1.1674944E12, 1.1674944E12]; [1.1990304E12, 1.1990304E12]; [1.2306528E12, 1.2306528E12]; [1.2621888E12, 1.2621888E12]; [1.2937248E12, 1.2937248E12]; [1.3252608E12, 1.3252608E12]; [1.3568832E12, 1.3568832E12]; [1.3884192E12, 1.3884192E12]; [1.4199552E12, 1.4199552E12]>"
Guinea,Guinea,11,-10,"<[9.78192E11, 9.78192E11]; [1.0728E12, 1.0728E12]; [1.1359584E12, 1.1359584E12]; [1.1674944E12, 1.1674944E12]; [1.1990304E12, 1.1990304E12]; [1.3568832E12, 1.3568832E12]; [1.3884192E12, 1.3884192E12]; [1.4199552E12, 1.4199552E12]>"
Guyana,Guyana,5,-59,"<[7.572672E11, 7.572672E11]; [7.888032E11, 7.888032E11]; [8.203392E11, 8.203392E11]; [8.834976E11, 8.834976E11]; [1.0728E12, 1.0728E12]; [1.1674944E12, 1.1674944E12]; [1.1990304E12, 1.1990304E12]; [1.2306528E12, 1.2306528E12]; [1.2621888E12, 1.2621888E12]; [1.2937248E12, 1.2937248E12]; [1.3252608E12, 1.3252608E12]; [1.3568832E12, 1.3568832E12]; [1.4199552E12, 1.4199552E12]>"
Haiti,Haiti,19,-72.4167,"<[9.150336E11, 9.150336E11]; [1.2621888E12, 1.2621888E12]>"
Honduras,Honduras,15,-86.5,"<[6.941088E11, 6.941088E11]; [7.888032E11, 7.888032E11]; [8.203392E11, 8.203392E11]; [8.519616E11, 8.519616E11]; [8.834976E11, 8.834976E11]; [9.78192E11, 9.78192E11]; [1.009728E12, 1.009728E12]; [1.1990304E12, 1.1990304E12]; [1.2937248E12, 1.2937248E12]; [1.3252608E12, 1.3252608E12]; [1.3568832E12, 1.3568832E12]; [1.3884192E12, 1.3884192E12]; [1.4199552E12, 1.4199552E12]>"
Hungary,Hungary,47,20,"<[6.310368E11, 6.310368E11]; [7.257312E11, 7.257312E11]; [7.572672E11, 7.572672E11]; [8.203392E11, 8.203392E11]; [8.519616E11, 8.519616E11]; [8.834976E11, 8.834976E11]; [9.150336E11, 9.150336E11]; [9.465696E11, 9.465696E11]; [9.78192E11, 9.78192E11]; [1.009728E12, 1.009728E12]; [1.041264E12, 1.041264E12]; [1.0728E12, 1.0728E12]; [1.1044224E12, 1.1044224E12]; [1.1359584E12, 1.1359584E12]; [1.1674944E12, 1.1674944E12]; [1.1990304E12, 1.1990304E12]; [1.2306528E12, 1.2306528E12]; [1.2621888E12, 1.2621888E12]; [1.2937248E12, 1.2937248E12]; [1.3252608E12, 1.3252608E12]; [1.3568832E12, 1.3568832E12]; [1.3884192E12, 1.3884192E12]; [1.4199552E12, 1.4199552E12]>"
Iceland,Iceland,65,-18,"<[6.941088E11, 6.941088E11]; [8.519616E11, 8.519616E11]; [9.465696E11, 9.465696E11]; [9.78192E11, 9.78192E11]; [1.009728E12, 1.009728E12]; [1.041264E12, 1.041264E12]; [1.0728E12, 1.0728E12]; [1.1044224E12, 1.1044224E12]; [1.1359584E12, 1.1359584E12]; [1.1674944E12, 1.1674944E12]; [1.1990304E12, 1.1990304E12]; [1.2306528E12, 1.2306528E12]; [1.2621888E12, 1.2621888E12]; [1.2937248E12, 1.2937248E12]; [1.3252608E12, 1.3252608E12]; [1.3568832E12, 1.3568832E12]; [1.3884192E12, 1.3884192E12]; [1.4199552E12, 1.4199552E12]>"
India,India,20,77,"<[5.363424E11, 5.363424E11]; [5.678784E11, 5.678784E11]; [5.995008E11, 5.995008E11]; [6.310368E11, 6.310368E11]; [6.625728E11, 6.625728E11]; [6.941088E11, 6.941088E11]; [7.257312E11, 7.257312E11]; [7.572672E11, 7.572672E11]; [7.888032E11, 7.888032E11]; [8.203392E11, 8.203392E11]; [8.519616E11, 8.519616E11]; [8.834976E11, 8.834976E11]; [9.150336E11, 9.150336E11]; [9.465696E11, 9.465696E11]; [9.78192E11, 9.78192E11]; [1.009728E12, 1.009728E12]; [1.041264E12, 1.041264E12]; [1.0728E12, 1.0728E12]; [1.1044224E12, 1.1044224E12]; [1.1359584E12, 1.1359584E12]; [1.1674944E12, 1.1674944E12]; [1.1990304E12, 1.1990304E12]; [1.2306528E12, 1.2306528E12]; [1.2621888E12, 1.2621888E12]; [1.2937248E12, 1.2937248E12]; [1.3252608E12, 1.3252608E12]; [1.3568832E12, 1.3568832E12]; [1.3884192E12, 1.3884192E12]; [1.4199552E12, 1.4199552E12]>"
Indonesia,Indonesia,-5,120,"<[5.363424E11, 5.363424E11]; [5.678784E11, 5.678784E11]; [6.310368E11, 6.310368E11]; [6.625728E11, 6.625728E11]; [6.941088E11, 6.941088E11]; [7.257312E11, 7.257312E11]; [7.572672E11, 7.572672E11]; [7.888032E11, 7.888032E11]; [8.203392E11, 8.203392E11]; [8.519616E11, 8.519616E11]; [8.834976E11, 8.834976E11]; [9.150336E11, 9.150336E11]; [9.465696E11, 9.465696E11]; [9.78192E11, 9.78192E11]; [1.009728E12, 1.009728E12]; [1.041264E12, 1.041264E12]; [1.0728E12, 1.0728E12]; [1.1044224E12, 1.1044224E12]; [1.1359584E12, 1.1359584E12]; [1.1674944E12, 1.1674944E12]; [1.1990304E12, 1.1990304E12]; [1.2306528E12, 1.2306528E12]; [1.2621888E12, 1.2621888E12]; [1.2937248E12, 1.2937248E12]; [1.3252608E12, 1.3252608E12]; [1.3568832E12, 1.3568832E12]; [1.3884192E12, 1.3884192E12]; [1.4199552E12, 1.4199552E12]>"
Iraq,Iraq,33,44,"<[5.995008E11, 5.995008E11]; [1.1990304E12, 1.1990304E12]; [1.2306528E12, 1.2306528E12]; [1.2621888E12, 1.2621888E12]; [1.2937248E12, 1.2937248E12]; [1.3252608E12, 1.3252608E12]; [1.3568832E12, 1.3568832E12]; [1.3884192E12, 1.3884192E12]>"
Israel,Israel,31.5,34.75,"<[4.732704E11, 4.732704E11]; [5.363424E11, 5.363424E11]; [5.678784E11, 5.678784E11]; [6.310368E11, 6.310368E11]; [6.625728E11, 6.625728E11]; [6.941088E11, 6.941088E11]; [7.257312E11, 7.257312E11]; [7.572672E11, 7.572672E11]; [7.888032E11, 7.888032E11]; [8.203392E11, 8.203392E11]; [8.519616E11, 8.519616E11]; [8.834976E11, 8.834976E11]; [9.150336E11, 9.150336E11]; [9.465696E11, 9.465696E11]; [9.78192E11, 9.78192E11]; [1.009728E12, 1.009728E12]; [1.041264E12, 1.041264E12]; [1.0728E12, 1.0728E12]; [1.1044224E12, 1.1044224E12]; [1.1359584E12, 1.1359584E12]; [1.1674944E12, 1.1674944E12]; [1.1990304E12, 1.1990304E12]; [1.2306528E12, 1.2306528E12]; [1.2621888E12, 1.2621888E12]; [1.2937248E12, 1.2937248E12]; [1.3252608E12, 1.3252608E12]; [1.3568832E12, 1.3568832E12]; [1.3884192E12, 1.3884192E12]; [1.4199552E12, 1.4199552E12]>"
Italy,Italy,42.8333,12.8333,"<[4.732704E11, 4.732704E11]; [5.048064E11, 5.048064E11]; [5.363424E11, 5.363424E11]; [5.678784E11, 5.678784E11]; [5.995008E11, 5.995008E11]; [6.310368E11, 6.310368E11]; [6.625728E11, 6.625728E11]; [6.941088E11, 6.941088E11]; [7.257312E11, 7.257312E11]; [7.572672E11, 7.572672E11]; [7.888032E11, 7.888032E11]; [8.203392E11, 8.203392E11]; [8.519616E11, 8.519616E11]; [8.834976E11, 8.834976E11]; [9.150336E11, 9.150336E11]; [9.465696E11, 9.465696E11]; [9.78192E11, 9.78192E11]; [1.009728E12, 1.009728E12]; [1.041264E12, 1.041264E12]; [1.0728E12, 1.0728E12]; [1.1044224E12, 1.1044224E12]; [1.1359584E12, 1.1359584E12]; [1.1674944E12, 1.1674944E12]; [1.1990304E12, 1.1990304E12]; [1.2306528E12, 1.2306528E12]; [1.2621888E12, 1.2621888E12]; [1.2937248E12, 1.2937248E12]; [1.3252608E12, 1.3252608E12]; [1.3568832E12, 1.3568832E12]; [1.3884192E12, 1.3884192E12]; [1.4199552E12, 1.4199552E12]>"
Jamaica,Jamaica,18.25,-77.5,"<[6.625728E11, 6.625728E11]; [8.203392E11, 8.203392E11]; [8.519616E11, 8.519616E11]; [8.834976E11, 8.834976E11]; [9.150336E11, 9.150336E11]; [9.465696E11, 9.465696E11]; [9.78192E11, 9.78192E11]; [1.009728E12, 1.009728E12]; [1.1044224E12, 1.1044224E12]; [1.1674944E12, 1.1674944E12]; [1.1990304E12, 1.1990304E12]; [1.2306528E12, 1.2306528E12]; [1.2621888E12, 1.2621888E12]; [1.2937248E12, 1.2937248E12]; [1.4199552E12, 1.4199552E12]>"
Japan,Japan,36,138,"<[4.732704E11, 4.732704E11]; [5.048064E11, 5.048064E11]; [5.363424E11, 5.363424E11]; [5.678784E11, 5.678784E11]; [5.995008E11, 5.995008E11]; [6.310368E11, 6.310368E11]; [6.625728E11, 6.625728E11]; [6.941088E11, 6.941088E11]; [7.257312E11, 7.257312E11]; [7.572672E11, 7.572672E11]; [7.888032E11, 7.888032E11]; [8.203392E11, 8.203392E11]; [8.519616E11, 8.519616E11]; [8.834976E11, 8.834976E11]; [9.150336E11, 9.150336E11]; [9.465696E11, 9.465696E11]; [9.78192E11, 9.78192E11]; [1.009728E12, 1.009728E12]; [1.041264E12, 1.041264E12]; [1.0728E12, 1.0728E12]; [1.1044224E12, 1.1044224E12]; [1.1359584E12, 1.1359584E12]; [1.1674944E12, 1.1674944E12]; [1.1990304E12, 1.1990304E12]; [1.2306528E12, 1.2306528E12]; [1.2621888E12, 1.2621888E12]; [1.2937248E12, 1.2937248E12]; [1.3252608E12, 1.3252608E12]; [1.3568832E12, 1.3568832E12]; [1.3884192E12, 1.3884192E12]; [1.4199552E12, 1.4199552E12]>"
Jordan,Jordan,31,36,"<[7.888032E11, 7.888032E11]; [9.150336E11, 9.150336E11]; [9.78192E11, 9.78192E11]; [1.041264E12, 1.041264E12]; [1.0728E12, 1.0728E12]; [1.1359584E12, 1.1359584E12]; [1.1674944E12, 1.1674944E12]; [1.1990304E12, 1.1990304E12]; [1.2306528E12, 1.2306528E12]; [1.2621888E12, 1.2621888E12]; [1.2937248E12, 1.2937248E12]; [1.3252608E12, 1.3252608E12]; [1.3568832E12, 1.3568832E12]>"
Kazakhstan,Kazakhstan,48,68,"<[6.310368E11, 6.310368E11]; [8.203392E11, 8.203392E11]; [8.519616E11, 8.519616E11]; [8.834976E11, 8.834976E11]; [9.465696E11, 9.465696E11]; [9.78192E11, 9.78192E11]; [1.009728E12, 1.009728E12]; [1.041264E12, 1.041264E12]; [1.0728E12, 1.0728E12]; [1.1044224E12, 1.1044224E12]; [1.1359584E12, 1.1359584E12]; [1.1674944E12, 1.1674944E12]; [1.1990304E12, 1.1990304E12]; [1.2306528E12, 1.2306528E12]; [1.2621888E12, 1.2621888E12]; [1.2937248E12, 1.2937248E12]; [1.3252608E12, 1.3252608E12]; [1.3568832E12, 1.3568832E12]; [1.3884192E12, 1.3884192E12]; [1.4199552E12, 1.4199552E12]>"
Kenya,Kenya,1,38,"<[6.310368E11, 6.310368E11]; [6.941088E11, 6.941088E11]; [9.78192E11, 9.78192E11]; [1.1044224E12, 1.1044224E12]; [1.1359584E12, 1.1359584E12]; [1.1674944E12, 1.1674944E12]; [1.1990304E12, 1.1990304E12]; [1.2306528E12, 1.2306528E12]; [1.2621888E12, 1.2621888E12]; [1.2937248E12, 1.2937248E12]; [1.3252608E12, 1.3252608E12]; [1.3568832E12, 1.3568832E12]; [1.3884192E12, 1.3884192E12]; [1.4199552E12, 1.4199552E12]>"
Kuwait,Kuwait,1.4167,173,"<[4.732704E11, 4.732704E11]; [5.363424E11, 5.363424E11]; [5.995008E11, 5.995008E11]; [6.310368E11, 6.310368E11]; [6.625728E11, 6.625728E11]; [6.941088E11, 6.941088E11]; [7.572672E11, 7.572672E11]; [7.888032E11, 7.888032E11]; [8.203392E11, 8.203392E11]; [8.519616E11, 8.519616E11]; [8.834976E11, 8.834976E11]; [9.465696E11, 9.465696E11]; [9.78192E11, 9.78192E11]; [1.009728E12, 1.009728E12]; [1.041264E12, 1.041264E12]; [1.0728E12, 1.0728E12]; [1.1044224E12, 1.1044224E12]; [1.1359584E12, 1.1359584E12]; [1.1674944E12, 1.1674944E12]; [1.1990304E12, 1.1990304E12]; [1.2306528E12, 1.2306528E12]; [1.2621888E12, 1.2621888E12]; [1.2937248E12, 1.2937248E12]; [1.3252608E12, 1.3252608E12]; [1.3568832E12, 1.3568832E12]; [1.3884192E12, 1.3884192E12]; [1.4199552E12, 1.4199552E12]>"
Kyrgyzstan,Kyrgyzstan,41,75,"<[1.009728E12, 1.009728E12]; [1.041264E12, 1.041264E12]; [1.0728E12, 1.0728E12]; [1.1044224E12, 1.1044224E12]; [1.1359584E12, 1.1359584E12]; [1.1674944E12, 1.1674944E12]; [1.1990304E12, 1.1990304E12]; [1.2306528E12, 1.2306528E12]; [1.2621888E12, 1.2621888E12]; [1.2937248E12, 1.2937248E12]; [1.3252608E12, 1.3252608E12]; [1.3568832E12, 1.3568832E12]; [1.3884192E12, 1.3884192E12]>"
Latvia,Latvia,57,25,"<[7.572672E11, 7.572672E11]; [8.834976E11, 8.834976E11]; [9.150336E11, 9.150336E11]; [9.465696E11, 9.465696E11]; [9.78192E11, 9.78192E11]; [1.009728E12, 1.009728E12]; [1.0728E12, 1.0728E12]; [1.1044224E12, 1.1044224E12]; [1.1359584E12, 1.1359584E12]; [1.1674944E12, 1.1674944E12]; [1.1990304E12, 1.1990304E12]; [1.2306528E12, 1.2306528E12]; [1.2621888E12, 1.2621888E12]; [1.2937248E12, 1.2937248E12]; [1.3252608E12, 1.3252608E12]; [1.3884192E12, 1.3884192E12]; [1.4199552E12, 1.4199552E12]>"
Lebanon,Lebanon,33.8333,35.8333,"<[5.048064E11, 5.048064E11]; [7.572672E11, 7.572672E11]; [8.834976E11, 8.834976E11]; [9.465696E11, 9.465696E11]; [9.78192E11, 9.78192E11]; [1.041264E12, 1.041264E12]; [1.1359584E12, 1.1359584E12]; [1.1674944E12, 1.1674944E12]; [1.1990304E12, 1.1990304E12]; [1.2306528E12, 1.2306528E12]; [1.2621888E12, 1.2621888E12]; [1.2937248E12, 1.2937248E12]; [1.3252608E12, 1.3252608E12]; [1.3568832E12, 1.3568832E12]; [1.3884192E12, 1.3884192E12]; [1.4199552E12, 1.4199552E12]>"
Lesotho,Lesotho,-29.5,28.5,"<[1.1674944E12, 1.1674944E12]; [1.4199552E12, 1.4199552E12]>"
Liberia,Liberia,6.5,-9.5,"<[6.310368E11, 6.310368E11]; [7.257312E11, 7.257312E11]; [1.1674944E12, 1.1674944E12]; [1.1990304E12, 1.1990304E12]; [1.2621888E12, 1.2621888E12]; [1.2937248E12, 1.2937248E12]; [1.3252608E12, 1.3252608E12]; [1.3568832E12, 1.3568832E12]; [1.3884192E12, 1.3884192E12]>"
Libya,Libya,25,17,"<[5.363424E11, 5.363424E11]; [6.625728E11, 6.625728E11]; [7.257312E11, 7.257312E11]; [7.572672E11, 7.572672E11]; [1.009728E12, 1.009728E12]; [1.0728E12, 1.0728E12]; [1.1674944E12, 1.1674944E12]; [1.2621888E12, 1.2621888E12]; [1.2937248E12, 1.2937248E12]; [1.3252608E12, 1.3252608E12]>"
Liechtenstein,Liechtenstein,47.1667,9.5333,"<[5.048064E11, 5.048064E11]; [5.995008E11, 5.995008E11]; [6.310368E11, 6.310368E11]; [6.625728E11, 6.625728E11]; [7.257312E11, 7.257312E11]; [8.203392E11, 8.203392E11]; [8.519616E11, 8.519616E11]; [8.834976E11, 8.834976E11]; [9.150336E11, 9.150336E11]; [1.009728E12, 1.009728E12]; [1.0728E12, 1.0728E12]; [1.3568832E12, 1.3568832E12]; [1.4199552E12, 1.4199552E12]>"
Lithuania,Lithuania,56,24,"<[7.888032E11, 7.888032E11]; [8.834976E11, 8.834976E11]; [9.150336E11, 9.150336E11]; [9.465696E11, 9.465696E11]; [9.78192E11, 9.78192E11]; [1.009728E12, 1.009728E12]; [1.041264E12, 1.041264E12]; [1.0728E12, 1.0728E12]; [1.1044224E12, 1.1044224E12]; [1.1359584E12, 1.1359584E12]; [1.1674944E12, 1.1674944E12]; [1.1990304E12, 1.1990304E12]; [1.2306528E12, 1.2306528E12]; [1.2621888E12, 1.2621888E12]; [1.2937248E12, 1.2937248E12]; [1.3252608E12, 1.3252608E12]; [1.3568832E12, 1.3568832E12]; [1.3884192E12, 1.3884192E12]; [1.4199552E12, 1.4199552E12]>"
Luxembourg,Luxembourg,49.75,6.1667,"<[5.678784E11, 5.678784E11]; [5.995008E11, 5.995008E11]; [6.310368E11, 6.310368E11]; [6.941088E11, 6.941088E11]; [7.257312E11, 7.257312E11]; [7.572672E11, 7.572672E11]; [7.888032E11, 7.888032E11]; [8.203392E11, 8.203392E11]; [8.519616E11, 8.519616E11]; [8.834976E11, 8.834976E11]; [9.150336E11, 9.150336E11]; [9.465696E11, 9.465696E11]; [9.78192E11, 9.78192E11]; [1.009728E12, 1.009728E12]; [1.041264E12, 1.041264E12]; [1.0728E12, 1.0728E12]; [1.1044224E12, 1.1044224E12]; [1.1359584E12, 1.1359584E12]; [1.1674944E12, 1.1674944E12]; [1.1990304E12, 1.1990304E12]; [1.2306528E12, 1.2306528E12]; [1.2621888E12, 1.2621888E12]; [1.2937248E12, 1.2937248E12]; [1.3252608E12, 1.3252608E12]; [1.3568832E12, 1.3568832E12]; [1.3884192E12, 1.3884192E12]; [1.4199552E12, 1.4199552E12]>"
Madagascar,Madagascar,-20,47,"<[9.150336E11, 9.150336E11]; [9.465696E11, 9.465696E11]; [1.0728E12, 1.0728E12]; [1.1674944E12, 1.1674944E12]; [1.2937248E12, 1.2937248E12]; [1.3252608E12, 1.3252608E12]; [1.3568832E12, 1.3568832E12]; [1.3884192E12, 1.3884192E12]>"
Malawi,Malawi,-13.5,34,"<[8.519616E11, 8.519616E11]; [1.041264E12, 1.041264E12]; [1.1674944E12, 1.1674944E12]; [1.1990304E12, 1.1990304E12]; [1.2621888E12, 1.2621888E12]; [1.4199552E12, 1.4199552E12]>"
Malaysia,Malaysia,2.5,112.5,"<[5.363424E11, 5.363424E11]; [5.995008E11, 5.995008E11]; [6.310368E11, 6.310368E11]; [6.625728E11, 6.625728E11]; [6.941088E11, 6.941088E11]; [7.257312E11, 7.257312E11]; [7.572672E11, 7.572672E11]; [7.888032E11, 7.888032E11]; [8.203392E11, 8.203392E11]; [8.519616E11, 8.519616E11]; [8.834976E11, 8.834976E11]; [9.150336E11, 9.150336E11]; [9.465696E11, 9.465696E11]; [9.78192E11, 9.78192E11]; [1.009728E12, 1.009728E12]; [1.041264E12, 1.041264E12]; [1.0728E12, 1.0728E12]; [1.1044224E12, 1.1044224E12]; [1.1359584E12, 1.1359584E12]; [1.1674944E12, 1.1674944E12]; [1.1990304E12, 1.1990304E12]; [1.2306528E12, 1.2306528E12]; [1.2621888E12, 1.2621888E12]; [1.2937248E12, 1.2937248E12]; [1.3252608E12, 1.3252608E12]; [1.3568832E12, 1.3568832E12]; [1.3884192E12, 1.3884192E12]; [1.4199552E12, 1.4199552E12]>"
Maldives,Maldives,3.25,73,"<[1.1359584E12, 1.1359584E12]; [1.3568832E12, 1.3568832E12]; [1.3884192E12, 1.3884192E12]; [1.4199552E12, 1.4199552E12]>"
Mali,Mali,17,-4,"<[8.519616E11, 8.519616E11]; [9.465696E11, 9.465696E11]; [9.78192E11, 9.78192E11]; [1.0728E12, 1.0728E12]; [1.1674944E12, 1.1674944E12]; [1.2306528E12, 1.2306528E12]; [1.2621888E12, 1.2621888E12]; [1.2937248E12, 1.2937248E12]; [1.3252608E12, 1.3252608E12]; [1.3884192E12, 1.3884192E12]; [1.4199552E12, 1.4199552E12]>"
Malta,Malta,35.8333,14.5833,"<[7.572672E11, 7.572672E11]; [7.888032E11, 7.888032E11]; [9.465696E11, 9.465696E11]; [9.78192E11, 9.78192E11]; [1.009728E12, 1.009728E12]; [1.1044224E12, 1.1044224E12]; [1.1359584E12, 1.1359584E12]; [1.1674944E12, 1.1674944E12]; [1.1990304E12, 1.1990304E12]; [1.2306528E12, 1.2306528E12]; [1.2621888E12, 1.2621888E12]; [1.2937248E12, 1.2937248E12]; [1.3252608E12, 1.3252608E12]; [1.3568832E12, 1.3568832E12]; [1.3884192E12, 1.3884192E12]; [1.4199552E12, 1.4199552E12]>"
Mauritania,Mauritania,20,-12,"<[8.834976E11, 8.834976E11]; [1.041264E12, 1.041264E12]; [1.0728E12, 1.0728E12]; [1.1044224E12, 1.1044224E12]; [1.1990304E12, 1.1990304E12]; [1.2937248E12, 1.2937248E12]; [1.3252608E12, 1.3252608E12]>"
Mauritius,Mauritius,-20.2833,57.55,"<[8.834976E11, 8.834976E11]; [9.150336E11, 9.150336E11]; [1.009728E12, 1.009728E12]; [1.041264E12, 1.041264E12]; [1.0728E12, 1.0728E12]; [1.1044224E12, 1.1044224E12]; [1.1359584E12, 1.1359584E12]; [1.1674944E12, 1.1674944E12]; [1.1990304E12, 1.1990304E12]; [1.2306528E12, 1.2306528E12]; [1.2621888E12, 1.2621888E12]; [1.2937248E12, 1.2937248E12]; [1.3252608E12, 1.3252608E12]; [1.3568832E12, 1.3568832E12]; [1.3884192E12, 1.3884192E12]; [1.4199552E12, 1.4199552E12]>"
Mexico,Mexico,23,-102,"<[5.048064E11, 5.048064E11]; [5.995008E11, 5.995008E11]; [6.310368E11, 6.310368E11]; [6.625728E11, 6.625728E11]; [6.941088E11, 6.941088E11]; [7.257312E11, 7.257312E11]; [7.572672E11, 7.572672E11]; [7.888032E11, 7.888032E11]; [8.203392E11, 8.203392E11]; [8.519616E11, 8.519616E11]; [8.834976E11, 8.834976E11]; [9.150336E11, 9.150336E11]; [9.465696E11, 9.465696E11]; [9.78192E11, 9.78192E11]; [1.009728E12, 1.009728E12]; [1.041264E12, 1.041264E12]; [1.0728E12, 1.0728E12]; [1.1044224E12, 1.1044224E12]; [1.1359584E12, 1.1359584E12]; [1.1674944E12, 1.1674944E12]; [1.1990304E12, 1.1990304E12]; [1.2306528E12, 1.2306528E12]; [1.2621888E12, 1.2621888E12]; [1.2937248E12, 1.2937248E12]; [1.3252608E12, 1.3252608E12]; [1.3568832E12, 1.3568832E12]; [1.3884192E12, 1.3884192E12]; [1.4199552E12, 1.4199552E12]>"
Monaco,Monaco,43.7333,7.4,"<[5.995008E11, 5.995008E11]; [6.310368E11, 6.310368E11]; [7.572672E11, 7.572672E11]; [8.203392E11, 8.203392E11]; [8.834976E11, 8.834976E11]; [9.465696E11, 9.465696E11]; [9.78192E11, 9.78192E11]; [1.009728E12, 1.009728E12]; [1.041264E12, 1.041264E12]; [1.0728E12, 1.0728E12]; [1.1044224E12, 1.1044224E12]; [1.1674944E12, 1.1674944E12]; [1.1990304E12, 1.1990304E12]; [1.2306528E12, 1.2306528E12]; [1.2621888E12, 1.2621888E12]; [1.3252608E12, 1.3252608E12]; [1.3568832E12, 1.3568832E12]; [1.4199552E12, 1.4199552E12]>"
Mongolia,Mongolia,46,105,"<[8.834976E11, 8.834976E11]; [9.465696E11, 9.465696E11]; [1.0728E12, 1.0728E12]; [1.1044224E12, 1.1044224E12]; [1.1359584E12, 1.1359584E12]; [1.1674944E12, 1.1674944E12]; [1.1990304E12, 1.1990304E12]; [1.2306528E12, 1.2306528E12]; [1.2621888E12, 1.2621888E12]; [1.2937248E12, 1.2937248E12]; [1.3252608E12, 1.3252608E12]; [1.3568832E12, 1.3568832E12]; [1.4199552E12, 1.4199552E12]>"
Montenegro,Montenegro,42,19,"<[1.1990304E12, 1.1990304E12]; [1.2937248E12, 1.2937248E12]>"
Morocco,Morocco,32,-5,"<[7.572672E11, 7.572672E11]; [7.888032E11, 7.888032E11]; [8.519616E11, 8.519616E11]; [8.834976E11, 8.834976E11]; [9.150336E11, 9.150336E11]; [9.465696E11, 9.465696E11]; [9.78192E11, 9.78192E11]; [1.009728E12, 1.009728E12]; [1.041264E12, 1.041264E12]; [1.0728E12, 1.0728E12]; [1.1044224E12, 1.1044224E12]; [1.1359584E12, 1.1359584E12]; [1.1990304E12, 1.1990304E12]; [1.2306528E12, 1.2306528E12]; [1.3252608E12, 1.3252608E12]; [1.3568832E12, 1.3568832E12]; [1.3884192E12, 1.3884192E12]; [1.4199552E12, 1.4199552E12]>"
Mozambique,Mozambique,-18.25,35,"<[1.041264E12, 1.041264E12]; [1.0728E12, 1.0728E12]; [1.1359584E12, 1.1359584E12]; [1.1674944E12, 1.1674944E12]; [1.1990304E12, 1.1990304E12]; [1.2306528E12, 1.2306528E12]; [1.2621888E12, 1.2621888E12]; [1.2937248E12, 1.2937248E12]; [1.3252608E12, 1.3252608E12]; [1.3568832E12, 1.3568832E12]; [1.3884192E12, 1.3884192E12]; [1.4199552E12, 1.4199552E12]>"
Namibia,Namibia,-22,17,"<[6.941088E11, 6.941088E11]; [7.257312E11, 7.257312E11]; [7.572672E11, 7.572672E11]; [7.888032E11, 7.888032E11]; [8.519616E11, 8.519616E11]; [8.834976E11, 8.834976E11]; [9.150336E11, 9.150336E11]; [9.78192E11, 9.78192E11]; [1.009728E12, 1.009728E12]; [1.041264E12, 1.041264E12]; [1.0728E12, 1.0728E12]; [1.1044224E12, 1.1044224E12]; [1.1359584E12, 1.1359584E12]; [1.1674944E12, 1.1674944E12]; [1.1990304E12, 1.1990304E12]; [1.2306528E12, 1.2306528E12]; [1.2621888E12, 1.2621888E12]; [1.2937248E12, 1.2937248E12]; [1.3252608E12, 1.3252608E12]; [1.3568832E12, 1.3568832E12]; [1.3884192E12, 1.3884192E12]; [1.4199552E12, 1.4199552E12]>"
Nauru,Nauru,-0.5333,166.9167,"<[7.257312E11, 7.257312E11]>"
Nepal,Nepal,28,84,"<[8.203392E11, 8.203392E11]; [9.78192E11, 9.78192E11]; [1.3252608E12, 1.3252608E12]; [1.3568832E12, 1.3568832E12]; [1.3884192E12, 1.3884192E12]>"
Netherlands,Netherlands,52.5,5.75,"<[4.732704E11, 4.732704E11]; [5.048064E11, 5.048064E11]; [5.363424E11, 5.363424E11]; [5.678784E11, 5.678784E11]; [5.995008E11, 5.995008E11]; [6.310368E11, 6.310368E11]; [6.625728E11, 6.625728E11]; [6.941088E11, 6.941088E11]; [7.257312E11, 7.257312E11]; [7.572672E11, 7.572672E11]; [7.888032E11, 7.888032E11]; [8.203392E11, 8.203392E11]; [8.519616E11, 8.519616E11]; [8.834976E11, 8.834976E11]; [9.150336E11, 9.150336E11]; [9.465696E11, 9.465696E11]; [9.78192E11, 9.78192E11]; [1.009728E12, 1.009728E12]; [1.041264E12, 1.041264E12]; [1.0728E12, 1.0728E12]; [1.1044224E12, 1.1044224E12]; [1.1359584E12, 1.1359584E12]; [1.1674944E12, 1.1674944E12]; [1.1990304E12, 1.1990304E12]; [1.2306528E12, 1.2306528E12]; [1.2621888E12, 1.2621888E12]; [1.2937248E12, 1.2937248E12]; [1.3252608E12, 1.3252608E12]; [1.3568832E12, 1.3568832E12]; [1.3884192E12, 1.3884192E12]; [1.4199552E12, 1.4199552E12]>"
New Zealand,New Zealand,-41,174,"<[5.363424E11, 5.363424E11]; [5.678784E11, 5.678784E11]; [5.995008E11, 5.995008E11]; [6.310368E11, 6.310368E11]; [6.625728E11, 6.625728E11]; [6.941088E11, 6.941088E11]; [7.257312E11, 7.257312E11]; [7.572672E11, 7.572672E11]; [7.888032E11, 7.888032E11]; [8.203392E11, 8.203392E11]; [8.519616E11, 8.519616E11]; [8.834976E11, 8.834976E11]; [9.150336E11, 9.150336E11]; [9.465696E11, 9.465696E11]; [9.78192E11, 9.78192E11]; [1.009728E12, 1.009728E12]; [1.041264E12, 1.041264E12]; [1.0728E12, 1.0728E12]; [1.1044224E12, 1.1044224E12]; [1.1359584E12, 1.1359584E12]; [1.1674944E12, 1.1674944E12]; [1.1990304E12, 1.1990304E12]; [1.2306528E12, 1.2306528E12]; [1.2621888E12, 1.2621888E12]; [1.2937248E12, 1.2937248E12]; [1.3252608E12, 1.3252608E12]; [1.3568832E12, 1.3568832E12]; [1.3884192E12, 1.3884192E12]; [1.4199552E12, 1.4199552E12]>"
Nicaragua,Nicaragua,13,-85,"<[7.572672E11, 7.572672E11]; [8.519616E11, 8.519616E11]; [8.834976E11, 8.834976E11]; [9.78192E11, 9.78192E11]; [1.041264E12, 1.041264E12]; [1.0728E12, 1.0728E12]; [1.1044224E12, 1.1044224E12]; [1.1674944E12, 1.1674944E12]; [1.1990304E12, 1.1990304E12]; [1.2306528E12, 1.2306528E12]; [1.2621888E12, 1.2621888E12]; [1.2937248E12, 1.2937248E12]; [1.3252608E12, 1.3252608E12]; [1.3568832E12, 1.3568832E12]; [1.3884192E12, 1.3884192E12]>"
Niger,Niger,16,8,"<[1.1990304E12, 1.1990304E12]>"
Nigeria,Nigeria,10,8,"<[7.572672E11, 7.572672E11]; [7.888032E11, 7.888032E11]; [1.009728E12, 1.009728E12]; [1.041264E12, 1.041264E12]; [1.0728E12, 1.0728E12]; [1.1044224E12, 1.1044224E12]; [1.1674944E12, 1.1674944E12]; [1.1990304E12, 1.1990304E12]; [1.2306528E12, 1.2306528E12]; [1.2621888E12, 1.2621888E12]; [1.2937248E12, 1.2937248E12]; [1.3252608E12, 1.3252608E12]; [1.3568832E12, 1.3568832E12]; [1.3884192E12, 1.3884192E12]; [1.4199552E12, 1.4199552E12]>"
Norway,Norway,62,10,"<[4.732704E11, 4.732704E11]; [5.363424E11, 5.363424E11]; [5.678784E11, 5.678784E11]; [5.995008E11, 5.995008E11]; [6.310368E11, 6.310368E11]; [6.625728E11, 6.625728E11]; [6.941088E11, 6.941088E11]; [7.257312E11, 7.257312E11]; [7.572672E11, 7.572672E11]; [7.888032E11, 7.888032E11]; [8.203392E11, 8.203392E11]; [8.519616E11, 8.519616E11]; [8.834976E11, 8.834976E11]; [9.150336E11, 9.150336E11]; [9.465696E11, 9.465696E11]; [9.78192E11, 9.78192E11]; [1.009728E12, 1.009728E12]; [1.041264E12, 1.041264E12]; [1.0728E12, 1.0728E12]; [1.1044224E12, 1.1044224E12]; [1.1359584E12, 1.1359584E12]; [1.1674944E12, 1.1674944E12]; [1.1990304E12, 1.1990304E12]; [1.2306528E12, 1.2306528E12]; [1.2621888E12, 1.2621888E12]; [1.2937248E12, 1.2937248E12]; [1.3252608E12, 1.3252608E12]; [1.3568832E12, 1.3568832E12]; [1.3884192E12, 1.3884192E12]; [1.4199552E12, 1.4199552E12]>"
Oman,Oman,21,57,"<[6.941088E11, 6.941088E11]; [8.519616E11, 8.519616E11]; [8.834976E11, 8.834976E11]; [9.150336E11, 9.150336E11]; [9.465696E11, 9.465696E11]; [1.041264E12, 1.041264E12]; [1.1674944E12, 1.1674944E12]; [1.1990304E12, 1.1990304E12]; [1.2306528E12, 1.2306528E12]; [1.2621888E12, 1.2621888E12]; [1.2937248E12, 1.2937248E12]; [1.3252608E12, 1.3252608E12]; [1.3568832E12, 1.3568832E12]; [1.3884192E12, 1.3884192E12]; [1.4199552E12, 1.4199552E12]>"
Pakistan,Pakistan,30,70,"<[6.625728E11, 6.625728E11]; [8.834976E11, 8.834976E11]; [9.150336E11, 9.150336E11]; [9.465696E11, 9.465696E11]; [9.78192E11, 9.78192E11]; [1.009728E12, 1.009728E12]; [1.1044224E12, 1.1044224E12]; [1.1359584E12, 1.1359584E12]; [1.1674944E12, 1.1674944E12]; [1.1990304E12, 1.1990304E12]; [1.2306528E12, 1.2306528E12]; [1.2621888E12, 1.2621888E12]; [1.2937248E12, 1.2937248E12]; [1.3252608E12, 1.3252608E12]; [1.3568832E12, 1.3568832E12]; [1.3884192E12, 1.3884192E12]; [1.4199552E12, 1.4199552E12]>"
Panama,Panama,9,-80,"<[5.995008E11, 5.995008E11]; [6.310368E11, 6.310368E11]; [7.572672E11, 7.572672E11]; [7.888032E11, 7.888032E11]; [8.203392E11, 8.203392E11]; [8.519616E11, 8.519616E11]; [8.834976E11, 8.834976E11]; [9.150336E11, 9.150336E11]; [9.465696E11, 9.465696E11]; [9.78192E11, 9.78192E11]; [1.009728E12, 1.009728E12]; [1.041264E12, 1.041264E12]; [1.0728E12, 1.0728E12]; [1.1044224E12, 1.1044224E12]; [1.1359584E12, 1.1359584E12]; [1.1674944E12, 1.1674944E12]; [1.1990304E12, 1.1990304E12]; [1.2306528E12, 1.2306528E12]; [1.2621888E12, 1.2621888E12]; [1.2937248E12, 1.2937248E12]; [1.3252608E12, 1.3252608E12]; [1.3568832E12, 1.3568832E12]; [1.3884192E12, 1.3884192E12]; [1.4199552E12, 1.4199552E12]>"
Paraguay,Paraguay,-23,-58,"<[8.519616E11, 8.519616E11]; [8.834976E11, 8.834976E11]; [9.150336E11, 9.150336E11]; [9.465696E11, 9.465696E11]; [1.009728E12, 1.009728E12]; [1.1044224E12, 1.1044224E12]; [1.1674944E12, 1.1674944E12]; [1.1990304E12, 1.1990304E12]; [1.2306528E12, 1.2306528E12]; [1.3252608E12, 1.3252608E12]; [1.3568832E12, 1.3568832E12]; [1.3884192E12, 1.3884192E12]; [1.4199552E12, 1.4199552E12]>"
Peru,Peru,-10,-76,"<[7.257312E11, 7.257312E11]; [7.572672E11, 7.572672E11]; [7.888032E11, 7.888032E11]; [8.203392E11, 8.203392E11]; [8.519616E11, 8.519616E11]; [8.834976E11, 8.834976E11]; [9.150336E11, 9.150336E11]; [9.465696E11, 9.465696E11]; [9.78192E11, 9.78192E11]; [1.009728E12, 1.009728E12]; [1.041264E12, 1.041264E12]; [1.0728E12, 1.0728E12]; [1.1044224E12, 1.1044224E12]; [1.1359584E12, 1.1359584E12]; [1.1674944E12, 1.1674944E12]; [1.1990304E12, 1.1990304E12]; [1.2306528E12, 1.2306528E12]; [1.2621888E12, 1.2621888E12]; [1.2937248E12, 1.2937248E12]; [1.3252608E12, 1.3252608E12]; [1.3568832E12, 1.3568832E12]; [1.3884192E12, 1.3884192E12]; [1.4199552E12, 1.4199552E12]>"
Philippines,Philippines,13,122,"<[5.678784E11, 5.678784E11]; [6.310368E11, 6.310368E11]; [6.625728E11, 6.625728E11]; [6.941088E11, 6.941088E11]; [7.257312E11, 7.257312E11]; [7.572672E11, 7.572672E11]; [7.888032E11, 7.888032E11]; [8.203392E11, 8.203392E11]; [8.519616E11, 8.519616E11]; [8.834976E11, 8.834976E11]; [9.150336E11, 9.150336E11]; [9.465696E11, 9.465696E11]; [9.78192E11, 9.78192E11]; [1.009728E12, 1.009728E12]; [1.041264E12, 1.041264E12]; [1.0728E12, 1.0728E12]; [1.1044224E12, 1.1044224E12]; [1.1359584E12, 1.1359584E12]; [1.1674944E12, 1.1674944E12]; [1.1990304E12, 1.1990304E12]; [1.2306528E12, 1.2306528E12]; [1.2621888E12, 1.2621888E12]; [1.2937248E12, 1.2937248E12]; [1.3252608E12, 1.3252608E12]; [1.3568832E12, 1.3568832E12]; [1.3884192E12, 1.3884192E12]; [1.4199552E12, 1.4199552E12]>"
Poland,Poland,52,20,"<[6.310368E11, 6.310368E11]; [6.941088E11, 6.941088E11]; [7.572672E11, 7.572672E11]; [7.888032E11, 7.888032E11]; [8.203392E11, 8.203392E11]; [8.519616E11, 8.519616E11]; [8.834976E11, 8.834976E11]; [9.150336E11, 9.150336E11]; [9.465696E11, 9.465696E11]; [9.78192E11, 9.78192E11]; [1.009728E12, 1.009728E12]; [1.041264E12, 1.041264E12]; [1.0728E12, 1.0728E12]; [1.1044224E12, 1.1044224E12]; [1.1359584E12, 1.1359584E12]; [1.1674944E12, 1.1674944E12]; [1.1990304E12, 1.1990304E12]; [1.2306528E12, 1.2306528E12]; [1.2621888E12, 1.2621888E12]; [1.2937248E12, 1.2937248E12]; [1.3252608E12, 1.3252608E12]; [1.3568832E12, 1.3568832E12]; [1.3884192E12, 1.3884192E12]; [1.4199552E12, 1.4199552E12]>"
Portugal,Portugal,39.5,-8,"<[5.678784E11, 5.678784E11]; [5.995008E11, 5.995008E11]; [6.310368E11, 6.310368E11]; [6.625728E11, 6.625728E11]; [6.941088E11, 6.941088E11]; [7.257312E11, 7.257312E11]; [7.572672E11, 7.572672E11]; [7.888032E11, 7.888032E11]; [8.203392E11, 8.203392E11]; [8.519616E11, 8.519616E11]; [8.834976E11, 8.834976E11]; [9.150336E11, 9.150336E11]; [9.465696E11, 9.465696E11]; [9.78192E11, 9.78192E11]; [1.009728E12, 1.009728E12]; [1.041264E12, 1.041264E12]; [1.0728E12, 1.0728E12]; [1.1044224E12, 1.1044224E12]; [1.1359584E12, 1.1359584E12]; [1.1674944E12, 1.1674944E12]; [1.1990304E12, 1.1990304E12]; [1.2306528E12, 1.2306528E12]; [1.2621888E12, 1.2621888E12]; [1.2937248E12, 1.2937248E12]; [1.3252608E12, 1.3252608E12]; [1.3568832E12, 1.3568832E12]; [1.3884192E12, 1.3884192E12]; [1.4199552E12, 1.4199552E12]>"
Qatar,Qatar,25.5,51.25,"<[8.519616E11, 8.519616E11]; [9.465696E11, 9.465696E11]; [1.1044224E12, 1.1044224E12]; [1.1359584E12, 1.1359584E12]; [1.1674944E12, 1.1674944E12]; [1.1990304E12, 1.1990304E12]; [1.2306528E12, 1.2306528E12]; [1.2621888E12, 1.2621888E12]; [1.2937248E12, 1.2937248E12]; [1.3252608E12, 1.3252608E12]; [1.3568832E12, 1.3568832E12]; [1.3884192E12, 1.3884192E12]; [1.4199552E12, 1.4199552E12]>"
Romania,Romania,46,25,"<[7.888032E11, 7.888032E11]; [8.203392E11, 8.203392E11]; [8.519616E11, 8.519616E11]; [8.834976E11, 8.834976E11]; [9.150336E11, 9.150336E11]; [9.465696E11, 9.465696E11]; [9.78192E11, 9.78192E11]; [1.009728E12, 1.009728E12]; [1.041264E12, 1.041264E12]; [1.0728E12, 1.0728E12]; [1.1044224E12, 1.1044224E12]; [1.1359584E12, 1.1359584E12]; [1.1674944E12, 1.1674944E12]; [1.1990304E12, 1.1990304E12]; [1.2306528E12, 1.2306528E12]; [1.2621888E12, 1.2621888E12]; [1.2937248E12, 1.2937248E12]; [1.3252608E12, 1.3252608E12]; [1.3568832E12, 1.3568832E12]; [1.3884192E12, 1.3884192E12]; [1.4199552E12, 1.4199552E12]>"
Russian Fed,Russian Fed,60,100,"<[4.732704E11, 4.732704E11]; [7.257312E11, 7.257312E11]; [7.572672E11, 7.572672E11]; [7.888032E11, 7.888032E11]; [8.203392E11, 8.203392E11]; [8.519616E11, 8.519616E11]; [8.834976E11, 8.834976E11]; [9.150336E11, 9.150336E11]; [9.465696E11, 9.465696E11]; [9.78192E11, 9.78192E11]; [1.009728E12, 1.009728E12]; [1.041264E12, 1.041264E12]; [1.0728E12, 1.0728E12]; [1.1044224E12, 1.1044224E12]; [1.1359584E12, 1.1359584E12]; [1.1674944E12, 1.1674944E12]; [1.1990304E12, 1.1990304E12]; [1.2306528E12, 1.2306528E12]; [1.2621888E12, 1.2621888E12]; [1.2937248E12, 1.2937248E12]; [1.3252608E12, 1.3252608E12]; [1.3568832E12, 1.3568832E12]; [1.3884192E12, 1.3884192E12]; [1.4199552E12, 1.4199552E12]>"
Rwanda,Rwanda,-2,30,"<[1.1044224E12, 1.1044224E12]; [1.1359584E12, 1.1359584E12]; [1.3252608E12, 1.3252608E12]; [1.3568832E12, 1.3568832E12]; [1.4199552E12, 1.4199552E12]>"
San Marino,San Marino,43.7667,12.4167,"<[1.1359584E12, 1.1359584E12]; [1.3252608E12, 1.3252608E12]>"
Saudi Arabia,Saudi Arabia,25,45,"<[5.995008E11, 5.995008E11]; [6.941088E11, 6.941088E11]; [7.257312E11, 7.257312E11]; [7.888032E11, 7.888032E11]; [8.203392E11, 8.203392E11]; [8.519616E11, 8.519616E11]; [8.834976E11, 8.834976E11]; [9.150336E11, 9.150336E11]; [9.78192E11, 9.78192E11]; [1.009728E12, 1.009728E12]; [1.041264E12, 1.041264E12]; [1.0728E12, 1.0728E12]; [1.1044224E12, 1.1044224E12]; [1.1359584E12, 1.1359584E12]; [1.1674944E12, 1.1674944E12]; [1.1990304E12, 1.1990304E12]; [1.2306528E12, 1.2306528E12]; [1.2621888E12, 1.2621888E12]; [1.2937248E12, 1.2937248E12]; [1.3252608E12, 1.3252608E12]; [1.3568832E12, 1.3568832E12]; [1.3884192E12, 1.3884192E12]; [1.4199552E12, 1.4199552E12]>"
Senegal,Senegal,14,-14,"<[1.2306528E12, 1.2306528E12]; [1.3884192E12, 1.3884192E12]>"
Seychelles,Seychelles,-4.5833,55.6667,"<[1.1359584E12, 1.1359584E12]; [1.1674944E12, 1.1674944E12]; [1.2306528E12, 1.2306528E12]; [1.2621888E12, 1.2621888E12]; [1.2937248E12, 1.2937248E12]; [1.3252608E12, 1.3252608E12]; [1.3884192E12, 1.3884192E12]; [1.4199552E12, 1.4199552E12]>"
Sierra Leone,Sierra Leone,8.5,-11.5,"<[7.572672E11, 7.572672E11]; [7.888032E11, 7.888032E11]; [1.009728E12, 1.009728E12]; [1.1674944E12, 1.1674944E12]; [1.2306528E12, 1.2306528E12]; [1.2937248E12, 1.2937248E12]; [1.3252608E12, 1.3252608E12]>"
Singapore,Singapore,1.3667,103.8,"<[5.048064E11, 5.048064E11]; [5.678784E11, 5.678784E11]; [5.995008E11, 5.995008E11]; [6.310368E11, 6.310368E11]; [6.625728E11, 6.625728E11]; [6.941088E11, 6.941088E11]; [7.257312E11, 7.257312E11]; [7.572672E11, 7.572672E11]; [7.888032E11, 7.888032E11]; [8.203392E11, 8.203392E11]; [8.519616E11, 8.519616E11]; [8.834976E11, 8.834976E11]; [9.150336E11, 9.150336E11]; [9.465696E11, 9.465696E11]; [9.78192E11, 9.78192E11]; [1.009728E12, 1.009728E12]; [1.041264E12, 1.041264E12]; [1.0728E12, 1.0728E12]; [1.1044224E12, 1.1044224E12]; [1.1359584E12, 1.1359584E12]; [1.1674944E12, 1.1674944E12]; [1.1990304E12, 1.1990304E12]; [1.2306528E12, 1.2306528E12]; [1.2621888E12, 1.2621888E12]; [1.2937248E12, 1.2937248E12]; [1.3252608E12, 1.3252608E12]; [1.3568832E12, 1.3568832E12]; [1.3884192E12, 1.3884192E12]; [1.4199552E12, 1.4199552E12]>"
Slovenia,Slovenia,46,15,"<[7.572672E11, 7.572672E11]; [8.834976E11, 8.834976E11]; [9.465696E11, 9.465696E11]; [9.78192E11, 9.78192E11]; [1.009728E12, 1.009728E12]; [1.041264E12, 1.041264E12]; [1.0728E12, 1.0728E12]; [1.1044224E12, 1.1044224E12]; [1.1359584E12, 1.1359584E12]; [1.1674944E12, 1.1674944E12]; [1.1990304E12, 1.1990304E12]; [1.2306528E12, 1.2306528E12]; [1.2621888E12, 1.2621888E12]; [1.2937248E12, 1.2937248E12]; [1.3568832E12, 1.3568832E12]; [1.3884192E12, 1.3884192E12]; [1.4199552E12, 1.4199552E12]>"
South Africa,South Africa,-29,24,"<[4.732704E11, 4.732704E11]; [5.048064E11, 5.048064E11]; [5.363424E11, 5.363424E11]; [5.678784E11, 5.678784E11]; [5.995008E11, 5.995008E11]; [6.310368E11, 6.310368E11]; [6.625728E11, 6.625728E11]; [6.941088E11, 6.941088E11]; [7.257312E11, 7.257312E11]; [7.572672E11, 7.572672E11]; [7.888032E11, 7.888032E11]; [8.203392E11, 8.203392E11]; [8.519616E11, 8.519616E11]; [8.834976E11, 8.834976E11]; [9.150336E11, 9.150336E11]; [9.465696E11, 9.465696E11]; [9.78192E11, 9.78192E11]; [1.009728E12, 1.009728E12]; [1.041264E12, 1.041264E12]; [1.0728E12, 1.0728E12]; [1.1044224E12, 1.1044224E12]; [1.1359584E12, 1.1359584E12]; [1.1674944E12, 1.1674944E12]; [1.1990304E12, 1.1990304E12]; [1.2306528E12, 1.2306528E12]; [1.2621888E12, 1.2621888E12]; [1.2937248E12, 1.2937248E12]; [1.3252608E12, 1.3252608E12]; [1.3568832E12, 1.3568832E12]; [1.3884192E12, 1.3884192E12]; [1.4199552E12, 1.4199552E12]>"
South Korea,South Korea,37,127.5,"<[5.363424E11, 5.363424E11]; [6.310368E11, 6.310368E11]; [6.625728E11, 6.625728E11]; [6.941088E11, 6.941088E11]; [7.257312E11, 7.257312E11]; [7.572672E11, 7.572672E11]; [7.888032E11, 7.888032E11]; [8.203392E11, 8.203392E11]; [8.519616E11, 8.519616E11]; [8.834976E11, 8.834976E11]; [9.150336E11, 9.150336E11]; [9.465696E11, 9.465696E11]; [9.78192E11, 9.78192E11]; [1.009728E12, 1.009728E12]; [1.041264E12, 1.041264E12]; [1.0728E12, 1.0728E12]; [1.1044224E12, 1.1044224E12]; [1.1359584E12, 1.1359584E12]; [1.1674944E12, 1.1674944E12]; [1.1990304E12, 1.1990304E12]; [1.2306528E12, 1.2306528E12]; [1.2621888E12, 1.2621888E12]; [1.2937248E12, 1.2937248E12]; [1.3252608E12, 1.3252608E12]; [1.3568832E12, 1.3568832E12]; [1.3884192E12, 1.3884192E12]; [1.4199552E12, 1.4199552E12]>"
Spain,Spain,40,-4,"<[5.048064E11, 5.048064E11]; [5.363424E11, 5.363424E11]; [5.678784E11, 5.678784E11]; [5.995008E11, 5.995008E11]; [6.310368E11, 6.310368E11]; [6.625728E11, 6.625728E11]; [6.941088E11, 6.941088E11]; [7.257312E11, 7.257312E11]; [7.572672E11, 7.572672E11]; [7.888032E11, 7.888032E11]; [8.203392E11, 8.203392E11]; [8.519616E11, 8.519616E11]; [8.834976E11, 8.834976E11]; [9.150336E11, 9.150336E11]; [9.465696E11, 9.465696E11]; [9.78192E11, 9.78192E11]; [1.009728E12, 1.009728E12]; [1.041264E12, 1.041264E12]; [1.0728E12, 1.0728E12]; [1.1044224E12, 1.1044224E12]; [1.1359584E12, 1.1359584E12]; [1.1674944E12, 1.1674944E12]; [1.1990304E12, 1.1990304E12]; [1.2306528E12, 1.2306528E12]; [1.2621888E12, 1.2621888E12]; [1.2937248E12, 1.2937248E12]; [1.3252608E12, 1.3252608E12]; [1.3568832E12, 1.3568832E12]; [1.3884192E12, 1.3884192E12]; [1.4199552E12, 1.4199552E12]>"
Sri Lanka,Sri Lanka,7,81,"<[8.834976E11, 8.834976E11]; [9.150336E11, 9.150336E11]; [9.465696E11, 9.465696E11]; [9.78192E11, 9.78192E11]; [1.009728E12, 1.009728E12]; [1.0728E12, 1.0728E12]; [1.1044224E12, 1.1044224E12]; [1.1359584E12, 1.1359584E12]; [1.1674944E12, 1.1674944E12]; [1.1990304E12, 1.1990304E12]; [1.2306528E12, 1.2306528E12]; [1.2621888E12, 1.2621888E12]; [1.2937248E12, 1.2937248E12]; [1.3252608E12, 1.3252608E12]; [1.3568832E12, 1.3568832E12]; [1.3884192E12, 1.3884192E12]; [1.4199552E12, 1.4199552E12]>"
Sudan,Sudan,15,30,"<[8.203392E11, 8.203392E11]; [8.834976E11, 8.834976E11]; [9.465696E11, 9.465696E11]; [1.041264E12, 1.041264E12]; [1.0728E12, 1.0728E12]; [1.1359584E12, 1.1359584E12]; [1.1674944E12, 1.1674944E12]; [1.1990304E12, 1.1990304E12]; [1.2937248E12, 1.2937248E12]; [1.3252608E12, 1.3252608E12]; [1.3568832E12, 1.3568832E12]>"
Swaziland,Swaziland,-26.5,31.5,"<[8.834976E11, 8.834976E11]; [1.009728E12, 1.009728E12]; [1.1044224E12, 1.1044224E12]; [1.1990304E12, 1.1990304E12]; [1.2937248E12, 1.2937248E12]; [1.3568832E12, 1.3568832E12]>"
Sweden,Sweden,62,15,"<[4.732704E11, 4.732704E11]; [5.048064E11, 5.048064E11]; [5.363424E11, 5.363424E11]; [5.678784E11, 5.678784E11]; [5.995008E11, 5.995008E11]; [6.310368E11, 6.310368E11]; [6.625728E11, 6.625728E11]; [6.941088E11, 6.941088E11]; [7.257312E11, 7.257312E11]; [7.572672E11, 7.572672E11]; [7.888032E11, 7.888032E11]; [8.203392E11, 8.203392E11]; [8.519616E11, 8.519616E11]; [8.834976E11, 8.834976E11]; [9.150336E11, 9.150336E11]; [9.465696E11, 9.465696E11]; [9.78192E11, 9.78192E11]; [1.009728E12, 1.009728E12]; [1.041264E12, 1.041264E12]; [1.0728E12, 1.0728E12]; [1.1044224E12, 1.1044224E12]; [1.1359584E12, 1.1359584E12]; [1.1674944E12, 1.1674944E12]; [1.1990304E12, 1.1990304E12]; [1.2306528E12, 1.2306528E12]; [1.2621888E12, 1.2621888E12]; [1.2937248E12, 1.2937248E12]; [1.3252608E12, 1.3252608E12]; [1.3568832E12, 1.3568832E12]; [1.3884192E12, 1.3884192E12]; [1.4199552E12, 1.4199552E12]>"
Switzerland,Switzerland,47,8,"<[4.732704E11, 4.732704E11]; [5.048064E11, 5.048064E11]; [5.363424E11, 5.363424E11]; [5.678784E11, 5.678784E11]; [5.995008E11, 5.995008E11]; [6.310368E11, 6.310368E11]; [6.625728E11, 6.625728E11]; [6.941088E11, 6.941088E11]; [7.257312E11, 7.257312E11]; [7.572672E11, 7.572672E11]; [7.888032E11, 7.888032E11]; [8.203392E11, 8.203392E11]; [8.519616E11, 8.519616E11]; [8.834976E11, 8.834976E11]; [9.150336E11, 9.150336E11]; [9.465696E11, 9.465696E11]; [9.78192E11, 9.78192E11]; [1.009728E12, 1.009728E12]; [1.041264E12, 1.041264E12]; [1.0728E12, 1.0728E12]; [1.1044224E12, 1.1044224E12]; [1.1359584E12, 1.1359584E12]; [1.1674944E12, 1.1674944E12]; [1.1990304E12, 1.1990304E12]; [1.2306528E12, 1.2306528E12]; [1.2621888E12, 1.2621888E12]; [1.2937248E12, 1.2937248E12]; [1.3252608E12, 1.3252608E12]; [1.3568832E12, 1.3568832E12]; [1.3884192E12, 1.3884192E12]; [1.4199552E12, 1.4199552E12]>"
Tajikistan,Tajikistan,39,71,"<[1.041264E12, 1.041264E12]; [1.1359584E12, 1.1359584E12]; [1.1990304E12, 1.1990304E12]; [1.2937248E12, 1.2937248E12]; [1.3252608E12, 1.3252608E12]; [1.3568832E12, 1.3568832E12]>"
Thailand,Thailand,15,100,"<[6.310368E11, 6.310368E11]; [6.625728E11, 6.625728E11]; [7.257312E11, 7.257312E11]; [7.572672E11, 7.572672E11]; [7.888032E11, 7.888032E11]; [8.203392E11, 8.203392E11]; [8.519616E11, 8.519616E11]; [8.834976E11, 8.834976E11]; [9.150336E11, 9.150336E11]; [9.465696E11, 9.465696E11]; [9.78192E11, 9.78192E11]; [1.009728E12, 1.009728E12]; [1.041264E12, 1.041264E12]; [1.0728E12, 1.0728E12]; [1.1044224E12, 1.1044224E12]; [1.1359584E12, 1.1359584E12]; [1.1674944E12, 1.1674944E12]; [1.1990304E12, 1.1990304E12]; [1.2306528E12, 1.2306528E12]; [1.2621888E12, 1.2621888E12]; [1.2937248E12, 1.2937248E12]; [1.3252608E12, 1.3252608E12]; [1.3568832E12, 1.3568832E12]; [1.3884192E12, 1.3884192E12]; [1.4199552E12, 1.4199552E12]>"
Togo,Togo,8,1.1667,"<[1.0728E12, 1.0728E12]; [1.2306528E12, 1.2306528E12]; [1.3252608E12, 1.3252608E12]; [1.4199552E12, 1.4199552E12]>"
Tunisia,Tunisia,34,9,"<[8.834976E11, 8.834976E11]; [9.150336E11, 9.150336E11]; [9.465696E11, 9.465696E11]; [9.78192E11, 9.78192E11]; [1.009728E12, 1.009728E12]; [1.041264E12, 1.041264E12]; [1.1044224E12, 1.1044224E12]; [1.1359584E12, 1.1359584E12]; [1.1674944E12, 1.1674944E12]; [1.2306528E12, 1.2306528E12]; [1.2621888E12, 1.2621888E12]; [1.2937248E12, 1.2937248E12]; [1.3252608E12, 1.3252608E12]; [1.3568832E12, 1.3568832E12]; [1.3884192E12, 1.3884192E12]; [1.4199552E12, 1.4199552E12]>"
Turkey,Turkey,39,35,"<[6.310368E11, 6.310368E11]; [6.625728E11, 6.625728E11]; [6.941088E11, 6.941088E11]; [7.257312E11, 7.257312E11]; [8.203392E11, 8.203392E11]; [8.519616E11, 8.519616E11]; [8.834976E11, 8.834976E11]; [9.150336E11, 9.150336E11]; [9.465696E11, 9.465696E11]; [9.78192E11, 9.78192E11]; [1.009728E12, 1.009728E12]; [1.041264E12, 1.041264E12]; [1.0728E12, 1.0728E12]; [1.1044224E12, 1.1044224E12]; [1.1359584E12, 1.1359584E12]; [1.1674944E12, 1.1674944E12]; [1.1990304E12, 1.1990304E12]; [1.2306528E12, 1.2306528E12]; [1.2621888E12, 1.2621888E12]; [1.2937248E12, 1.2937248E12]; [1.3252608E12, 1.3252608E12]; [1.3568832E12, 1.3568832E12]; [1.3884192E12, 1.3884192E12]; [1.4199552E12, 1.4199552E12]>"
Turkmenistan,Turkmenistan,40,60,"<[1.1359584E12, 1.1359584E12]; [1.2306528E12, 1.2306528E12]; [1.2621888E12, 1.2621888E12]>"
Tuvalu,Tuvalu,-8,178,"<[1.2306528E12, 1.2306528E12]>"
Uganda,Uganda,1,32,"<[8.203392E11, 8.203392E11]; [8.519616E11, 8.519616E11]; [1.1044224E12, 1.1044224E12]; [1.2306528E12, 1.2306528E12]; [1.2621888E12, 1.2621888E12]; [1.3252608E12, 1.3252608E12]; [1.3568832E12, 1.3568832E12]; [1.3884192E12, 1.3884192E12]>"
Ukraine,Ukraine,49,32,"<[8.203392E11, 8.203392E11]; [8.519616E11, 8.519616E11]; [9.465696E11, 9.465696E11]; [9.78192E11, 9.78192E11]; [1.009728E12, 1.009728E12]; [1.041264E12, 1.041264E12]; [1.0728E12, 1.0728E12]; [1.1044224E12, 1.1044224E12]; [1.1359584E12, 1.1359584E12]; [1.1674944E12, 1.1674944E12]; [1.1990304E12, 1.1990304E12]; [1.2306528E12, 1.2306528E12]; [1.2621888E12, 1.2621888E12]; [1.2937248E12, 1.2937248E12]; [1.3252608E12, 1.3252608E12]; [1.3568832E12, 1.3568832E12]; [1.3884192E12, 1.3884192E12]; [1.4199552E12, 1.4199552E12]>"
United Kingdom,United Kingdom,54,-2,"<[4.732704E11, 4.732704E11]; [5.048064E11, 5.048064E11]; [5.363424E11, 5.363424E11]; [5.678784E11, 5.678784E11]; [5.995008E11, 5.995008E11]; [6.310368E11, 6.310368E11]; [6.625728E11, 6.625728E11]; [6.941088E11, 6.941088E11]; [7.257312E11, 7.257312E11]; [7.572672E11, 7.572672E11]; [7.888032E11, 7.888032E11]; [8.203392E11, 8.203392E11]; [8.519616E11, 8.519616E11]; [8.834976E11, 8.834976E11]; [9.150336E11, 9.150336E11]; [9.465696E11, 9.465696E11]; [9.78192E11, 9.78192E11]; [1.009728E12, 1.009728E12]; [1.041264E12, 1.041264E12]; [1.0728E12, 1.0728E12]; [1.1044224E12, 1.1044224E12]; [1.1359584E12, 1.1359584E12]; [1.1674944E12, 1.1674944E12]; [1.1990304E12, 1.1990304E12]; [1.2306528E12, 1.2306528E12]; [1.2621888E12, 1.2621888E12]; [1.2937248E12, 1.2937248E12]; [1.3252608E12, 1.3252608E12]; [1.3568832E12, 1.3568832E12]; [1.3884192E12, 1.3884192E12]; [1.4199552E12, 1.4199552E12]>"
United States,United States,38,-97,"<[4.732704E11, 4.732704E11]; [5.048064E11, 5.048064E11]; [5.363424E11, 5.363424E11]; [5.678784E11, 5.678784E11]; [5.995008E11, 5.995008E11]; [6.310368E11, 6.310368E11]; [6.625728E11, 6.625728E11]; [6.941088E11, 6.941088E11]; [7.257312E11, 7.257312E11]; [7.572672E11, 7.572672E11]; [7.888032E11, 7.888032E11]; [8.203392E11, 8.203392E11]; [8.519616E11, 8.519616E11]; [8.834976E11, 8.834976E11]; [9.150336E11, 9.150336E11]; [9.465696E11, 9.465696E11]; [9.78192E11, 9.78192E11]; [1.009728E12, 1.009728E12]; [1.041264E12, 1.041264E12]; [1.0728E12, 1.0728E12]; [1.1044224E12, 1.1044224E12]; [1.1359584E12, 1.1359584E12]; [1.1674944E12, 1.1674944E12]; [1.1990304E12, 1.1990304E12]; [1.2306528E12, 1.2306528E12]; [1.2621888E12, 1.2621888E12]; [1.2937248E12, 1.2937248E12]; [1.3252608E12, 1.3252608E12]; [1.3568832E12, 1.3568832E12]; [1.3884192E12, 1.3884192E12]; [1.4199552E12, 1.4199552E12]>"
Uruguay,Uruguay,-33,-56,"<[6.310368E11, 6.310368E11]; [7.257312E11, 7.257312E11]; [7.572672E11, 7.572672E11]; [7.888032E11, 7.888032E11]; [8.203392E11, 8.203392E11]; [9.150336E11, 9.150336E11]; [9.465696E11, 9.465696E11]; [9.78192E11, 9.78192E11]; [1.009728E12, 1.009728E12]; [1.041264E12, 1.041264E12]; [1.0728E12, 1.0728E12]; [1.1044224E12, 1.1044224E12]; [1.1359584E12, 1.1359584E12]; [1.1674944E12, 1.1674944E12]; [1.1990304E12, 1.1990304E12]; [1.2306528E12, 1.2306528E12]; [1.2621888E12, 1.2621888E12]; [1.2937248E12, 1.2937248E12]; [1.3252608E12, 1.3252608E12]; [1.3568832E12, 1.3568832E12]; [1.3884192E12, 1.3884192E12]; [1.4199552E12, 1.4199552E12]>"
Uzbekistan,Uzbekistan,41,64,"<[7.572672E11, 7.572672E11]; [8.519616E11, 8.519616E11]; [8.834976E11, 8.834976E11]; [1.009728E12, 1.009728E12]; [1.041264E12, 1.041264E12]; [1.0728E12, 1.0728E12]; [1.1044224E12, 1.1044224E12]; [1.1674944E12, 1.1674944E12]; [1.2306528E12, 1.2306528E12]; [1.2621888E12, 1.2621888E12]; [1.2937248E12, 1.2937248E12]; [1.3568832E12, 1.3568832E12]>"
Vanuatu,Vanuatu,-16,167,"<[8.203392E11, 8.203392E11]; [8.834976E11, 8.834976E11]; [9.78192E11, 9.78192E11]; [1.1359584E12, 1.1359584E12]>"
Vietnam,Vietnam,16,106,"<[7.257312E11, 7.257312E11]; [7.888032E11, 7.888032E11]; [8.203392E11, 8.203392E11]; [8.519616E11, 8.519616E11]; [8.834976E11, 8.834976E11]; [9.465696E11, 9.465696E11]; [9.78192E11, 9.78192E11]; [1.009728E12, 1.009728E12]; [1.041264E12, 1.041264E12]; [1.0728E12, 1.0728E12]; [1.1044224E12, 1.1044224E12]; [1.1359584E12, 1.1359584E12]; [1.1674944E12, 1.1674944E12]; [1.1990304E12, 1.1990304E12]; [1.2306528E12, 1.2306528E12]; [1.2621888E12, 1.2621888E12]; [1.2937248E12, 1.2937248E12]; [1.3252608E12, 1.3252608E12]; [1.3568832E12, 1.3568832E12]; [1.3884192E12, 1.3884192E12]; [1.4199552E12, 1.4199552E12]>"
Yemen,Yemen,15,48,"<[7.257312E11, 7.257312E11]; [9.465696E11, 9.465696E11]; [1.1359584E12, 1.1359584E12]; [1.1674944E12, 1.1674944E12]; [1.2306528E12, 1.2306528E12]; [1.4199552E12, 1.4199552E12]>"
Yugoslavia,Yugoslavia,44.8206,20.4622,"<[8.203392E11, 8.203392E11]; [8.834976E11, 8.834976E11]; [1.009728E12, 1.009728E12]; [1.041264E12, 1.041264E12]; [1.0728E12, 1.0728E12]; [1.1044224E12, 1.1044224E12]; [1.1359584E12, 1.1359584E12]>"
Zambia,Zambia,-15,30,"<[8.519616E11, 8.519616E11]; [9.150336E11, 9.150336E11]; [9.465696E11, 9.465696E11]; [1.009728E12, 1.009728E12]; [1.041264E12, 1.041264E12]; [1.0728E12, 1.0728E12]; [1.1044224E12, 1.1044224E12]; [1.1359584E12, 1.1359584E12]; [1.1674944E12, 1.1674944E12]; [1.1990304E12, 1.1990304E12]; [1.2306528E12, 1.2306528E12]; [1.2621888E12, 1.2621888E12]; [1.2937248E12, 1.2937248E12]; [1.3252608E12, 1.3252608E12]; [1.3568832E12, 1.3568832E12]; [1.3884192E12, 1.3884192E12]; [1.4199552E12, 1.4199552E12]>"
Zimbabwe,Zimbabwe,-20,30,"<[7.257312E11, 7.257312E11]; [8.203392E11, 8.203392E11]; [8.519616E11, 8.519616E11]; [8.834976E11, 8.834976E11]; [9.150336E11, 9.150336E11]; [9.465696E11, 9.465696E11]; [1.009728E12, 1.009728E12]; [1.041264E12, 1.041264E12]; [1.0728E12, 1.0728E12]; [1.1044224E12, 1.1044224E12]; [1.1359584E12, 1.1359584E12]; [1.1674944E12, 1.1674944E12]; [1.1990304E12, 1.1990304E12]; [1.2306528E12, 1.2306528E12]; [1.2621888E12, 1.2621888E12]; [1.2937248E12, 1.2937248E12]; [1.3252608E12, 1.3252608E12]; [1.3568832E12, 1.3568832E12]; [1.3884192E12, 1.3884192E12]; [1.4199552E12, 1.4199552E12]>"
